S.No,HSN Code,Display Name,Product Name,Brand,Product Description,Category,Pack Type,Pack Content,Sale Unit,Add Variant,Attribute 1,Variant 1,Attribute 2,Variant 2,Attribute 3,Variant 3,Primary  Variant,CGST,SGST/IGST,MRP (Rs.),MOP (Rs.),Offer Price (Rs.),Display Price,Display Stock?,Stock Unit,MSU,Stock,Status
1,6204,Clifton Women Army Printed-Short-Walnut-XS,Clifton Women Army Printed-Short-Walnut,Clifton,"Clifton Womens Army Shorts Are Made Of Cotton Rich. Light Weight Fabric And Bio Washed For Ultimate Softness. Azo Free Dyed For Excellent Colour fastness And Compacted For Minimal Shrinkage. Available In Size XS, S, M, L, XL, 2XL, 3XL, 4XL, 5XL, 6XL, 7XL, 8XL, 9XL And 10XL.100% Cotton Fabric, All Season Wear, Active Wear For Shorts ,Feel Comfortable And Look Stylish.It's Made Of The Soft And Cotton Fabric, Comfortable, Breathable, Lightweight And Skin-Friendly.And Makes You Feel Relax. You Can Wear This Shorts In The Day Or At Night For A Comfortable Feel. Classic Shorts Design Fits For Any Occasion, Every Day,Cool And Fashionable.And It's Not Only Complement Each Of Your Apparels But Also Alleviate Their Overall Look To A Whole New Level.

",Army Printed Short,Packet,1,pieces,Yes,Color,Walnut,Size,XS,,,Color,0,0,499,199,,MOP,Yes,pieces,,50,Available
2,6204,Clifton Women Army Printed-Short-Walnut-S,Clifton Women Army Printed-Short-Walnut,Clifton,"Clifton Womens Army Shorts Are Made Of Cotton Rich. Light Weight Fabric And Bio Washed For Ultimate Softness. Azo Free Dyed For Excellent Colour fastness And Compacted For Minimal Shrinkage. Available In Size XS, S, M, L, XL, 2XL, 3XL, 4XL, 5XL, 6XL, 7XL, 8XL, 9XL And 10XL.100% Cotton Fabric, All Season Wear, Active Wear For Shorts ,Feel Comfortable And Look Stylish.It's Made Of The Soft And Cotton Fabric, Comfortable, Breathable, Lightweight And Skin-Friendly.And Makes You Feel Relax. You Can Wear This Shorts In The Day Or At Night For A Comfortable Feel. Classic Shorts Design Fits For Any Occasion, Every Day,Cool And Fashionable.And It's Not Only Complement Each Of Your Apparels But Also Alleviate Their Overall Look To A Whole New Level.

",Army Printed Short,Packet,1,pieces,Yes,Color,Walnut,Size,S,,,Color,0,0,499,199,,MOP,Yes,pieces,,50,Available
