S.No,HSN Code,Display Name,Product Name,Brand,Product Description,Category,Pack Type,Pack Content,Sale Unit,Add Variant,Attribute 1,Variant 1,Attribute 2,Variant 2,Attribute 3,Variant 3,Primary  Variant,CGST,SGST/IGST,MRP (Rs.),MOP (Rs.),Offer Price (Rs.),Display Price,Display Stock?,Stock Unit,MSU,Stock,Status
1,12345679,Gown,Gown,Fashions,Quality Clothes, Gown,Set,1,nos,Yes,Size,Small,,,,,Size,2.5,2.5,3500,3450,,MRP,Yes,nos,,50000,Available
2,12345680,Gown,Gown,Fashions,Quality Clothes, Gown,Set,1,nos,Yes,Size,Medium,,,,,Size,2.5,2.5,4000,3950,,MOP,Yes,nos,,50000,Available
3,12345681,Gown,Gown,Fashions,Quality Clothes, Gown,Set,1,nos,Yes,Size,Large,,,,,Size,2.5,2.5,5500,5450,5400,OFFER PRICE,Yes,nos,,50000,Available
4,12345682,Gown,Gown,Fashions,Quality Clothes, Gown,Set,1,nos,Yes,Size,XL,,,,,Size,2.5,2.5,6000,5950,,MRP,Yes,nos,,50000,Available
5,12345683,Lehanga,Lehanga,Fashions,Quality Clothes,Lehanga,Set,1,nos,Yes,Size,Small,,,,,Size,2.2,2.2,3000,2950,,MRP,Yes,nos,,40000,Available
6,12345684,Lehanga,Lehanga,Fashions,Quality Clothes,Lehanga,Set,1,nos,Yes,Size,Medium,,,,,Size,2.2,2.2,4500,4250,,MOP,Yes,nos,,40000,Available
7,12345685,Lehanga,Lehanga,Fashions,Quality Clothes,Lehanga,Set,1,nos,Yes,Size,Large,,,,,Size,2.2,2.2,5000,4950,4750,OFFER PRICE,Yes,nos,,40000,Available
8,12345686,Lehanga,Lehanga,Fashions,Quality Clothes,Lehanga,Set,1,nos,Yes,Size,XL,,,,,Size,2.2,2.2,5500,5250,,MRP,Yes,nos,,40000,Available
9,12345687,Salwar,Salwar,Fashions,Quality Clothes,Salwar,Set,1,nos,Yes,Size,Small,,,,,Size,2.3,2.3,3000,2950,,MRP,Yes,nos,,50000,Available
10,12345688,Salwar,Salwar,Fashions,Quality Clothes,Salwar,Set,1,nos,Yes,Size,Medium,,,,,Size,2.3,2.3,4500,4250,,MOP,Yes,nos,,50000,Available
11,12345689,Salwar,Salwar,Fashions,Quality Clothes,Salwar,Set,1,nos,Yes,Size,Large,,,,,Size,2.3,2.3,5000,4950,4900,OFFER PRICE,Yes,nos,,50000,Available
12,12345690,Salwar,Salwar,Fashions,Quality Clothes,Salwar,Set,1,nos,Yes,Size,XL,,,,,Size,2.3,2.3,5500,5450,,MRP,Yes,nos,,50000,Available
13,12345691,Saree ,Saree ,Fashions,Quality Clothes,Saree,Set,1,nos,Yes,Color,Pink,,,,,Color,2.1,2.1,3000,2950,,MRP,Yes,nos,,60000,Available
14,12345692,Saree ,Saree ,Fashions,Quality Clothes,Saree,Set,1,nos,Yes,Color,Green,,,,,Color,2.1,2.1,4500,4450,,MOP,Yes,nos,,60000,Available
15,12345693,Saree ,Saree ,Fashions,Quality Clothes,Saree,Set,1,nos,Yes,Color,Blue,,,,,Color,2.1,2.1,5000,4900,4800,OFFER PRICE,Yes,nos,,60000,Available
16,12345694,Saree ,Saree ,Fashions,Quality Clothes,Saree,Set,1,nos,Yes,Color,Yellow,,,,,Color,2.1,2.1,5500,5400,,MRP,Yes,nos,,60000,Available
9,12345687,Salwar Materials ,Salwar Materials ,Fashions,Quality Clothes,Salwar Materials,Set,1,nos,Yes,Color,Pink,,,,,Color,2.3,2.3,3000,2950,,MRP,Yes,nos,,50000,Available
10,12345688,Salwar Materials ,Salwar Materials ,Fashions,Quality Clothes,Salwar Materials,Set,1,nos,Yes,Color,Green,,,,,Color,2.3,2.3,4500,4250,,MOP,Yes,nos,,50000,Available
11,12345689,Salwar Materials ,Salwar Materials ,Fashions,Quality Clothes,Salwar Materials,Set,1,nos,Yes,Color,Blue,,,,,Color,2.3,2.3,5000,4950,4900,OFFER PRICE,Yes,nos,,50000,Available
12,12345690,Salwar Materials ,Salwar Materials ,Fashions,Quality Clothes,Salwar Materials,Set,1,nos,Yes,Color,Yellow,,,,,Color,2.3,2.3,5500,5450,,MRP,Yes,nos,,50000,Available
