S.No,HSN Code,Display Name,Product Name,Brand,Product Description,Category,Pack Type,Pack Content,Sale Unit,Add Variant,Attribute 1,Variant 1,Attribute 2,Variant 2,Attribute 3,Variant 3,Primary  Variant,CGST,SGST/IGST,MRP (Rs.),MOP (Rs.),Offer Price (Rs.),Display Price,Display Stock?,Stock Unit,MSU,Stock,Status
1,12345678,Crunchy Choco Cake Half Kg,Crunchy Choco Cake Half Kg,Brownie Studio,Chocolate Cake,Chocolate Cake,Box,Half,kg,NO,,,,,,,,2.1,2.1,900,850,,MRP,Yes,kg,10,,Available
2,12345679,Decorated Chocolate Truffle Cake Half Kg,Decorated Chocolate Truffle Cake Half Kg,Brownie Studio,Chocolate Cake,Chocolate Cake,Box,Half,kg,NO,,,,,,,,2.1,2.1,880,720,,MOP,Yes,kg,10,,Available
3,12345680,Chocolate Pinata Cake,Chocolate Pinata Cake,Brownie Studio,Chocolate Cake,Chocolate Cake,Box,1,kg,NO,,,,,,,,2.1,2.1,760,710,700,Offer Price,Yes,kg,10,,Available
4,12345681,Belgian Dark Chocolate Truffle cake (Eggless),Belgian Dark Chocolate Truffle cake (Eggless),Brownie Studio,Chocolate Cake,Chocolate Cake,Box,1,kg,NO,,,,,,,,2.1,2.1,680,650,,MRP,Yes,kg,10,,Available
5,12345682,Premium Truffle Designer Cake- Half Kg,Premium Truffle Designer Cake- Half Kg,Brownie Studio,Chocolate Cake,Chocolate Cake,Box,Half,kg,NO,,,,,,,,2.2,2.2,880,810,,MRP,Yes,kg,10,,Available
6,12345683,Special Delicious Vanilla Cake Half kg,Special Delicious Vanilla Cake Half kg,Brownie Studio,Vanilla Cake,Vanilla Cake,Box,Half,kg,NO,,,,,,,,2.2,2.2,749,725,,MOP,Yes,kg,10,,Available
7,12345684,Floral Vanilla Cream Cake Half Kg,Floral Vanilla Cream Cake Half Kg,Brownie Studio,Vanilla Cake,Vanilla Cake,Box,Half,kg,NO,,,,,,,,2.2,2.2,750,745,725,Offer Price,Yes,kg,10,,Available
8,12345685,Creamy Vanilla Cake Half Kg,Creamy Vanilla Cake Half Kg,Brownie Studio,Vanilla Cake,Vanilla Cake,Box,Half,kg,NO,,,,,,,,2.2,2.2,780,750,,MRP,Yes,kg,10,,Available
9,12345686,Classic Vanilla Cream Cake- Half Kg,Classic Vanilla Cream Cake- Half Kg,Brownie Studio,Vanilla Cake,Vanilla Cake,Box,Half,kg,NO,,,,,,,,2.3,2.3,750,710,,MRP,Yes,kg,10,,Available
10,12345687,KitKat Vanilla Cake Half Kg,KitKat Vanilla Cake Half Kg,Brownie Studio,Vanilla Cake,Vanilla Cake,Box,Half,kg,NO,,,,,,,,2.3,2.3,725,700,,MOP,Yes,kg,10,,Available
