S.No,HSN Code,Display Name,Product Name,Brand,Product Description,Category,Pack Type,Pack Content,Sale Unit,Add Variant,Attribute 1,Variant 1,Attribute 2,Variant 2,Attribute 3,Variant 3,Primary  Variant,CGST,SGST/IGST,MRP (Rs.),MOP (Rs.),Offer Price (Rs.),Display Price,Display Stock?,Stock Unit,MSU,Stock,Status
1,12345679,Gown,Gown,Fashions,Quality Clothes,Gown,Piece,1,pieces,Yes,Size,S,,,,,Size,2.5,2.5,3500,3450,,MRP,Yes,pieces,,50000,Available
2,12345680,Gown,Gown,Fashions,Quality Clothes,Gown,Piece,1,pieces,Yes,Size,M,,,,,Size,2.5,2.5,4000,3950,,MOP,Yes,pieces,,50000,Available
3,12345681,Gown,Gown,Fashions,Quality Clothes,Gown,Piece,1,pieces,Yes,Size,L,,,,,Size,2.5,2.5,5500,5450,5400,OFFER PRICE,Yes,pieces,,50000,Available
4,12345682,Gown,Gown,Fashions,Quality Clothes,Gown,Piece,1,pieces,Yes,Size,XL,,,,,Size,2.5,2.5,6000,5950,,MRP,Yes,pieces,,50000,Available
5,12345683,Lehanga,Lehanga,Fashions,Quality Clothes,Lehanga,Set,3,pieces,Yes,Size,S,,,,,Size,2.2,2.2,3000,2950,,MRP,Yes,pieces,,40000,Available
6,12345684,Lehanga,Lehanga,Fashions,Quality Clothes,Lehanga,Set,3,pieces,Yes,Size,M,,,,,Size,2.2,2.2,4500,4250,,MOP,Yes,pieces,,40000,Available
7,12345685,Lehanga,Lehanga,Fashions,Quality Clothes,Lehanga,Set,3,pieces,Yes,Size,L,,,,,Size,2.2,2.2,5000,4950,4750,OFFER PRICE,Yes,pieces,,40000,Available
8,12345686,Lehanga,Lehanga,Fashions,Quality Clothes,Lehanga,Set,3,pieces,Yes,Size,XL,,,,,Size,2.2,2.2,5500,5250,,MRP,Yes,pieces,,40000,Available
9,12345687,Salwar,Salwar,Fashions,Quality Clothes,Salwar,Set,3,pieces,Yes,Size,S,,,,,Size,2.3,2.3,3000,2950,,MRP,Yes,pieces,,50000,Available
10,12345688,Salwar,Salwar,Fashions,Quality Clothes,Salwar,Set,3,pieces,Yes,Size,M,,,,,Size,2.3,2.3,4500,4250,,MOP,Yes,pieces,,50000,Available
11,12345689,Salwar,Salwar,Fashions,Quality Clothes,Salwar,Set,3,pieces,Yes,Size,L,,,,,Size,2.3,2.3,5000,4950,4900,OFFER PRICE,Yes,pieces,,50000,Available
12,12345690,Salwar,Salwar,Fashions,Quality Clothes,Salwar,Set,3,pieces,Yes,Size,XL,,,,,Size,2.3,2.3,5500,5450,,MRP,Yes,pieces,,50000,Available
13,12345691,Saree,Saree,Fashions,Quality Clothes,Saree,Piece,1,pieces,Yes,Color,Pink,,,,,Color,2.1,2.1,3000,2950,,MRP,Yes,pieces,,60000,Available
14,12345692,Saree,Saree,Fashions,Quality Clothes,Saree,Piece,1,pieces,Yes,Color,Green,,,,,Color,2.1,2.1,4500,4450,,MOP,Yes,pieces,,60000,Available
15,12345693,Saree,Saree,Fashions,Quality Clothes,Saree,Piece,1,pieces,Yes,Color,Blue,,,,,Color,2.1,2.1,5000,4900,4800,OFFER PRICE,Yes,pieces,,60000,Available
16,12345694,Saree,Saree,Fashions,Quality Clothes,Saree,Piece,1,pieces,Yes,Color,Yellow,,,,,Color,2.1,2.1,5500,5000,,MRP,Yes,pieces,,60000,Available
17,12345687,Salwar Materials,Salwar Materials,Fashions,Quality Clothes,Salwar Materials,Set,3,pieces,Yes,Color,Pink,,,,,Color,2.3,2.3,3000,2950,,MRP,Yes,pieces,,50000,Available
18,12345688,Salwar Materials,Salwar Materials,Fashions,Quality Clothes,Salwar Materials,Set,3,pieces,Yes,Color,Green,,,,,Color,2.3,2.3,4500,4250,,MOP,Yes,pieces,,50000,Available
19,12345689,Salwar Materials,Salwar Materials,Fashions,Quality Clothes,Salwar Materials,Set,3,pieces,Yes,Color,Blue,,,,,Color,2.3,2.3,5000,4950,4900,OFFER PRICE,Yes,pieces,,50000,Available
20,12345690,Salwar Materials,Salwar Materials,Fashions,Quality Clothes,Salwar Materials,Set,3,pieces,Yes,Color,Yellow,,,,,Color,2.3,2.3,5500,5450,,MRP,Yes,pieces,,50000,Available
21,12345695,Formal Shirt,Formal Shirt,Trendz,Quality Clothes,Formal Shirt,Piece,1,pieces,Yes,Size,S,,,,,Size,2.4,2.4,2000,1800,,MRP,Yes,pieces,,70000,Available
22,12345696,Formal Shirt,Formal Shirt,Trendz,Quality Clothes,Formal Shirt,Piece,1,pieces,Yes,Size,M,,,,,Size,2.4,2.4,2500,2250,,MOP,Yes,pieces,,70000,Available
23,12345697,Formal Shirt,Formal Shirt,Trendz,Quality Clothes,Formal Shirt,Piece,1,pieces,Yes,Size,L,,,,,Size,2.4,2.4,3000,2750,2700,OFFER PRICE,Yes,pieces,,70000,Available
24,12345698,Formal Shirt,Formal Shirt,Trendz,Quality Clothes,Formal Shirt,Piece,1,pieces,Yes,Size,XL,,,,,Size,2.4,2.4,3500,3250,,MRP,Yes,pieces,,70000,Available
25,12345699,Formal Pant,Formal Pant,Trendz,Quality Clothes,Formal Pant,Piece,1,pieces,Yes,Size,S,,,,,Size,2.2,2.2,2000,1950,,MRP,Yes,pieces,,80000,Available
26,12345700,Formal Pant,Formal Pant,Trendz,Quality Clothes,Formal Pant,Piece,1,pieces,Yes,Size,M,,,,,Size,2.2,2.2,2500,2250,,MOP,Yes,pieces,,80000,Available
27,12345701,Formal Pant,Formal Pant,Trendz,Quality Clothes,Formal Pant,Piece,1,pieces,Yes,Size,L,,,,,Size,2.2,2.2,3000,2750,2700,OFFER PRICE,Yes,pieces,,80000,Available
28,12345702,Formal Pant,Formal Pant,Trendz,Quality Clothes,Formal Pant,Piece,1,pieces,Yes,Size,XL,,,,,Size,2.2,2.2,3500,3250,,MRP,Yes,pieces,,80000,Available
29,12345703,T shirt,T shirt,Trendz,Quality Clothes,T shirt,Piece,1,pieces,Yes,Size,S,,,,,Size,2.3,2.3,2000,1750,,MRP,Yes,pieces,,90000,Available
30,12345704,T shirt,T shirt,Trendz,Quality Clothes,T shirt,Piece,1,pieces,Yes,Size,M,,,,,Size,2.3,2.3,2500,2250,,MOP,Yes,pieces,,90000,Available
31,12345705,T shirt,T shirt,Trendz,Quality Clothes,T shirt,Piece,1,pieces,Yes,Size,L,,,,,Size,2.3,2.3,3000,2750,2700,OFFER PRICE,Yes,pieces,,90000,Available
32,12345706,T shirt,T shirt,Trendz,Quality Clothes,T shirt,Piece,1,pieces,Yes,Size,XL,,,,,Size,2.3,2.3,3500,3250,,MRP,Yes,pieces,,90000,Available
33,12345699,Jeans Pant,Jeans Pant,Trendz,Quality Clothes,Jeans Pant,Piece,1,pieces,Yes,Size,S,,,,,Size,2.2,2.2,2000,1950,,MRP,Yes,pieces,,80000,Available
34,12345700,Jeans Pant,Jeans Pant,Trendz,Quality Clothes,Jeans Pant,Piece,1,pieces,Yes,Size,M,,,,,Size,2.2,2.2,2500,2250,,MOP,Yes,pieces,,80000,Available
35,12345701,Jeans Pant,Jeans Pant,Trendz,Quality Clothes,Jeans Pant,Piece,1,pieces,Yes,Size,L,,,,,Size,2.2,2.2,3000,2750,2700,OFFER PRICE,Yes,pieces,,80000,Available
36,12345702,Jeans Pant,Jeans Pant,Trendz,Quality Clothes,Jeans Pant,Piece,1,pieces,Yes,Size,XL,,,,,Size,2.2,2.2,3500,3250,,MRP,Yes,pieces,,80000,Available
37,12345679, Gown,Womens Fashions,Pantloons,Quality Clothes, Gown Mom & Kids,Piece,2,pieces,Yes,Size,S,,,,,Size,2.5,2.5,3500,3450,,MRP,Yes,pieces,,50000,Available
38,12345680, Gown,Womens Fashions,Pantloons,Quality Clothes, Gown Mom & Kids,Piece,2,pieces,Yes,Size,M,,,,,Size,2.5,2.5,4000,3950,,MOP,Yes,pieces,,50000,Available
39,12345681, Gown,Womens Fashions,Pantloons,Quality Clothes, Gown Mom & Kids,Piece,2,pieces,Yes,Size,L,,,,,Size,2.5,2.5,5500,5450,5400,OFFER PRICE,Yes,pieces,,50000,Available
40,12345682, Gown,Womens Fashions,Pantloons,Quality Clothes, Gown Mom & Kids,Piece,2,pieces,Yes,Size,XL,,,,,Size,2.5,2.5,6000,5950,,MRP,Yes,pieces,,50000,Available
41,12345683,Lehanga,Womens Fashions,Pantloons,Quality Clothes,Lehanga Mom & Kids,Set,6,pieces,Yes,Size,S,,,,,Size,2.2,2.2,3000,2950,,MRP,Yes,pieces,,40000,Available
42,12345684,Lehanga,Womens Fashions,Pantloons,Quality Clothes,Lehanga Mom & Kids,Set,6,pieces,Yes,Size,M,,,,,Size,2.2,2.2,4500,4250,,MOP,Yes,pieces,,40000,Available
43,12345685,Lehanga,Womens Fashions,Pantloons,Quality Clothes,Lehanga Mom & Kids,Set,6,pieces,Yes,Size,L,,,,,Size,2.2,2.2,5000,4950,4750,OFFER PRICE,Yes,pieces,,40000,Available
44,12345686,Lehanga,Womens Fashions,Pantloons,Quality Clothes,Lehanga Mom & Kids,Set,6,pieces,Yes,Size,XL,,,,,Size,2.2,2.2,5500,5250,,MRP,Yes,pieces,,40000,Available
45,12345687,Salwar,Womens Fashions,Pantloons,Quality Clothes,SalwarMom & Kids,Set,6,pieces,Yes,Size,S,,,,,Size,2.3,2.3,3000,2950,,MRP,Yes,pieces,,50000,Available
46,12345688,Salwar,Womens Fashions,Pantloons,Quality Clothes,SalwarMom & Kids,Set,6,pieces,Yes,Size,M,,,,,Size,2.3,2.3,4500,4250,,MOP,Yes,pieces,,50000,Available
47,12345689,Salwar,Womens Fashions,Pantloons,Quality Clothes,SalwarMom & Kids,Set,6,pieces,Yes,Size,L,,,,,Size,2.3,2.3,5000,4950,4900,OFFER PRICE,Yes,pieces,,50000,Available
48,12345690,Salwar,Womens Fashions,Pantloons,Quality Clothes,SalwarMom & Kids,Set,6,pieces,Yes,Size,XL,,,,,Size,2.3,2.3,5500,5450,,MRP,Yes,pieces,,50000,Available
49,12345679,Girl V-Neck Long Top Nightwear,Girl V-Neck Long Top,Clifton,"Fit Type: Regular Fit
Clifton Girl Long Top V-Neck Made of Cotton
Comfort Fit - Machine Wash cold
Available in sizes 4-5 Years,6-7 Years,8-9 Years,10-12 Years.",Women Nightwear,Piece,1,pieces,Yes,Size,3-4 Years,,,,,Size,2.5,2.5,499,299,,MOP,Yes,pieces,,50000,Available
50,12345679,Girl V-Neck Long Top Nightwear,Girl V-Neck Long Top,Clifton,"Fit Type: Regular Fit
Clifton Girl Long Top V-Neck Made of Cotton
Comfort Fit - Machine Wash cold
Available in sizes 4-5 Years,6-7 Years,8-9 Years,10-12 Years.",Women Nightwear,Piece,1,pieces,Yes,Size,4-5 Years,,,,,Size,2.5,2.5,599,319,,MOP,Yes,pieces,,50000,Available
51,12345679,Girl V-Neck Long Top Nightwear,Girl V-Neck Long Top,Clifton,"Fit Type: Regular Fit
Clifton Girl Long Top V-Neck Made of Cotton
Comfort Fit - Machine Wash cold
Available in sizes 4-5 Years,6-7 Years,8-9 Years,10-12 Years.",Women Nightwear,Piece,1,pieces,Yes,Size,5-6 Years,,,,,Size,2.5,2.5,699,399,,MOP,Yes,pieces,,50000,Available
52,12345679,Girl V-Neck Long Top Nightwear,Girl V-Neck Long Top,Clifton,"Fit Type: Regular Fit
Clifton Girl Long Top V-Neck Made of Cotton
Comfort Fit - Machine Wash cold
Available in sizes 4-5 Years,6-7 Years,8-9 Years,10-12 Years.",Women Nightwear,Piece,1,pieces,Yes,Size,6-7 Years,,,,,Size,2.5,2.5,799,499,,MOP,Yes,pieces,,50000,Available
53,12345680,Women's Printed Longtop Nightwear-Flora,Women's Printed Longtop,Clifton,"Clifton Women's Long Top Night Wears Are Made Of Cotton Rich
Light Weight Fabric And Bio Washed For Ultimate Softness
Azo Dyed For Excellent Color Fastness. Compacted For Minimum Shrinkage
Available in Sizes S, M, L, XL & 2XL",Women Nightwear,Piece,1,pieces,Yes,Size,S,,,,,Size,2.5,2.5,499,399,,MOP,Yes,pieces,,5000,Available
54,12345680,Women's Printed Longtop Nightwear-Flora,Women's Printed Longtop,Clifton,"Clifton Women's Long Top Night Wears Are Made Of Cotton Rich
Light Weight Fabric And Bio Washed For Ultimate Softness
Azo Dyed For Excellent Color Fastness. Compacted For Minimum Shrinkage
Available in Sizes S, M, L, XL & 2XL",Women Nightwear,Piece,1,pieces,Yes,Size,M,,,,,Size,2.5,2.5,599,499,,MOP,Yes,pieces,,5000,Available
55,12345680,Women's Printed Longtop Nightwear-Flora,Women's Printed Longtop,Clifton,"Clifton Women's Long Top Night Wears Are Made Of Cotton Rich
Light Weight Fabric And Bio Washed For Ultimate Softness
Azo Dyed For Excellent Color Fastness. Compacted For Minimum Shrinkage
Available in Sizes S, M, L, XL & 2XL",Women Nightwear,Piece,1,pieces,Yes,Size,XL,,,,,Size,2.5,2.5,699,500,,MOP,Yes,pieces,,5000,Available
56,12345680,Women's Printed Longtop Nightwear-Flora,Women's Printed Longtop,Clifton,"Clifton Women's Long Top Night Wears Are Made Of Cotton Rich
Light Weight Fabric And Bio Washed For Ultimate Softness
Azo Dyed For Excellent Color Fastness. Compacted For Minimum Shrinkage
Available in Sizes S, M, L, XL & 2XL",Women Nightwear,Piece,1,pieces,Yes,Size,2XL,,,,,Size,2.5,2.5,799,599,,MOP,Yes,pieces,,5000,Available
57,12345680,Girl Round Neck Half Sleeve T-Shirt,Girl Round Neck Half Sleeve,Clifton,"Fit Type: Regular Fit
Care Instructions: Machine Wash
Clifton Girl Tshirt Made of Cotton
Comfort Fit - Machine Wash cold
Available in sizes 4-5 Years,6-7 Years,8-9 Years,10-12Years,13-14Years,15- 16 Years",Girls T-Shirt,Piece,1,pieces,Yes,Size,3-4 Years,,,,,Size,2.5,2.5,799,655,,MOP,Yes,pieces,,50,Available
58,12345680,Girl Round Neck Half Sleeve T-Shirt,Girl Round Neck Half Sleeve,Clifton,"Fit Type: Regular Fit
Care Instructions: Machine Wash
Clifton Girl Tshirt Made of Cotton
Comfort Fit - Machine Wash cold
Available in sizes 4-5 Years,6-7 Years,8-9 Years,10-12Years,13-14Years,15- 16 Years",Girls T-Shirt,Piece,1,pieces,Yes,Size,4-5 Years,,,,,Size,2.5,2.5,799,645,,MOP,Yes,pieces,,10,Available
59,12345680,Girl Round Neck Half Sleeve T-Shirt,Girl Round Neck Half Sleeve,Clifton,"Fit Type: Regular Fit
Care Instructions: Machine Wash
Clifton Girl Tshirt Made of Cotton
Comfort Fit - Machine Wash cold
Available in sizes 4-5 Years,6-7 Years,8-9 Years,10-12Years,13-14Years,15- 16 Years",Girls T-Shirt,Piece,1,pieces,Yes,Size,5-6 Years,,,,,Size,2.5,2.5,799,699,,MOP,Yes,pieces,,25,Available
60,12345680,Girl Round Neck Half Sleeve T-Shirt,Girl Round Neck Half Sleeve,Clifton,"Fit Type: Regular Fit
Care Instructions: Machine Wash
Clifton Girl Tshirt Made of Cotton
Comfort Fit - Machine Wash cold
Available in sizes 4-5 Years,6-7 Years,8-9 Years,10-12Years,13-14Years,15- 16 Years",Girls T-Shirt,Piece,1,pieces,Yes,Size,6-7 Years,,,,,Size,2.5,2.5,799,685,,MOP,Yes,pieces,,30,Available
61,12345680,Girl Round Neck Half Sleeve T-Shirt,Girl Round Neck Half Sleeve,Clifton,"Fit Type: Regular Fit
Care Instructions: Machine Wash
Clifton Girl Tshirt Made of Cotton
Comfort Fit - Machine Wash cold
Available in sizes 4-5 Years,6-7 Years,8-9 Years,10-12Years,13-14Years,15- 16 Years",Girls T-Shirt,Piece,1,pieces,Yes,Size,7-8 Years,,,,,Size,2.5,2.5,799,688,,MOP,Yes,pieces,,3,Available
62,12345680,Women V Neck Army Printed T-Shirt-Half Sleeve,Women V Neck Army Printed T-Shirt,Clifton,"Fit Type: Regular Fit
Care Instructions: Machine Wash
Clifton Women Army Printed T-shirt Made of Cotton
Comfort Fit - Machine Wash cold
Available in sizes XS,S, M, L, XL & 2XL",Girls T-Shirt,Piece,1,pieces,Yes,Size,S,,,,,Size,2.5,2.5,799,710,,MOP,Yes,pieces,,12,Available
63,12345680,Women V Neck Army Printed T-Shirt-Half Sleeve,Women V Neck Army Printed T-Shirt,Clifton,"Fit Type: Regular Fit
Care Instructions: Machine Wash
Clifton Women Army Printed T-shirt Made of Cotton
Comfort Fit - Machine Wash cold
Available in sizes XS,S, M, L, XL & 2XL",Girls T-Shirt,Piece,1,pieces,Yes,Size,M,,,,,Size,2.5,2.5,799,725,,MOP,Yes,pieces,,45,Available
64,12345680,Women V Neck Army Printed T-Shirt-Half Sleeve,Women V Neck Army Printed T-Shirt,Clifton,"Fit Type: Regular Fit
Care Instructions: Machine Wash
Clifton Women Army Printed T-shirt Made of Cotton
Comfort Fit - Machine Wash cold
Available in sizes XS,S, M, L, XL & 2XL",Girls T-Shirt,Piece,1,pieces,Yes,Size,L,,,,,Size,2.5,2.5,799,735,,MOP,Yes,pieces,,100,Available
65,12345680,Women V Neck Army Printed T-Shirt-Half Sleeve,Women V Neck Army Printed T-Shirt,Clifton,"Fit Type: Regular Fit
Care Instructions: Machine Wash
Clifton Women Army Printed T-shirt Made of Cotton
Comfort Fit - Machine Wash cold
Available in sizes XS,S, M, L, XL & 2XL",Girls T-Shirt,Piece,1,pieces,Yes,Size,XL,,,,,Size,2.5,2.5,799,745,,MOP,Yes,pieces,,200,Available
66,12345680,Men Round Neck Full Sleeve Tshirt,Men Round Neck Full Sleeve,Clifton,"Fit Type: Regular Fit
Care Instructions: Machine Wash
Clifton Mens Round Neck T-Shirt Made of Cotton
Comfort Fit - Machine Wash cold
Available in sizes S, M, L, XL & 2XL.",Mens T-Shirt,Piece,1,pieces,Yes,Size,XL,,,,,Size,2.5,2.5,799,785,,MOP,Yes,pieces,,300,Available
67,12345680,Men Round Neck Full Sleeve Tshirt,Men Round Neck Full Sleeve,Clifton,"Fit Type: Regular Fit
Care Instructions: Machine Wash
Clifton Mens Round Neck T-Shirt Made of Cotton
Comfort Fit - Machine Wash cold
Available in sizes S, M, L, XL & 2XL.",Mens T-Shirt,Piece,1,pieces,Yes,Size,S,,,,,Size,2.5,2.5,799,710,,MOP,Yes,pieces,,400,Available
68,12345680,Men Round Neck Full Sleeve Tshirt,Men Round Neck Full Sleeve,Clifton,"Fit Type: Regular Fit
Care Instructions: Machine Wash
Clifton Mens Round Neck T-Shirt Made of Cotton
Comfort Fit - Machine Wash cold
Available in sizes S, M, L, XL & 2XL.",Mens T-Shirt,Piece,1,pieces,Yes,Size,M,,,,,Size,2.5,2.5,799,688,,MOP,Yes,pieces,,500,Available
69,12345680,Men Round Neck Full Sleeve Tshirt,Men Round Neck Full Sleeve,Clifton,"Fit Type: Regular Fit
Care Instructions: Machine Wash
Clifton Mens Round Neck T-Shirt Made of Cotton
Comfort Fit - Machine Wash cold
Available in sizes S, M, L, XL & 2XL.",Mens T-Shirt,Piece,1,pieces,Yes,Size,2XL,,,,,Size,2.5,2.5,799,688,,MOP,Yes,pieces,,600,Available
70,12345680,Men Round Neck Full Sleeve Tshirt,Men Round Neck Full Sleeve,Clifton,"Fit Type: Regular Fit
Care Instructions: Machine Wash
Clifton Mens Round Neck T-Shirt Made of Cotton
Comfort Fit - Machine Wash cold
Available in sizes S, M, L, XL & 2XL.",Mens T-Shirt,Piece,1,pieces,Yes,Size,L,,,,,Size,2.5,2.5,799,688,,MOP,Yes,pieces,,10,Available
71,12345680, Men's Army LoopKnit Short, Men's Army LoopKnit Short,Clifton,"Clifton Men's Army LoopKnit Shorts Are Made Of Cotton Rich
Light Weight Fabric And Bio Washed For Ultimate Softness
Azo Dyed For Excellent Color Fastness
Compacted For Minimum Shrinkage
Available In Sizes S, M, L, XL & 2XL",Mens Short,Piece,1,pieces,Yes,Size,S,,,,,Size,2.5,2.5,799,599,,MOP,Yes,pieces,,9,Available
72,12345680, Men's Army LoopKnit Short, Men's Army LoopKnit Short,Clifton,"Clifton Men's Army LoopKnit Shorts Are Made Of Cotton Rich
Light Weight Fabric And Bio Washed For Ultimate Softness
Azo Dyed For Excellent Color Fastness
Compacted For Minimum Shrinkage
Available In Sizes S, M, L, XL & 2XL",Mens Short,Piece,1,pieces,Yes,Size,L,,,,,Size,2.5,2.5,899,799,,MOP,Yes,pieces,,8,Available
73,12345680, Men's Army LoopKnit Short, Men's Army LoopKnit Short,Clifton,"Clifton Men's Army LoopKnit Shorts Are Made Of Cotton Rich
Light Weight Fabric And Bio Washed For Ultimate Softness
Azo Dyed For Excellent Color Fastness
Compacted For Minimum Shrinkage
Available In Sizes S, M, L, XL & 2XL",Mens Short,Piece,1,pieces,Yes,Size,XL,,,,,Size,2.5,2.5,999,899,,MOP,Yes,pieces,,7,Available
74,12345680,Men Round Neck Full Sleeve Tshirt - XL,Men Round Neck Full Sleeve,Clifton,"Fit Type: Regular Fit
Care Instructions: Machine Wash
Clifton Mens Round Neck T-Shirt Made of Cotton
Comfort Fit - Machine Wash cold",Mens T-Shirt,Piece,1,pieces,Yes,Color,Blue,,,,,Color,2.5,2.5,799,688,,MOP,Yes,pieces,,6,Available
75,12345680,Men Round Neck Full Sleeve Tshirt - XL,Men Round Neck Full Sleeve,Clifton,"Fit Type: Regular Fit
Care Instructions: Machine Wash
Clifton Mens Round Neck T-Shirt Made of Cotton
Comfort Fit - Machine Wash cold",Mens T-Shirt,Piece,1,pieces,Yes,Color,Red,,,,,Color,2.5,2.5,799,688,,MOP,Yes,pieces,,5,Available
,,,,,,,,,,,,,,,,,,,,,,,,,,,,
,,,,,,,,,,,,,,,,,,,,,,,,,,,,
,,,,,,,,,,,,,,,,,,,,,,,,,,,,
,,,,,,,,,,,,,,,,,,,,,,,,,,,,
,,,,,,,,,,,,,,,,,,,,,,,,,,,,
,,,,,,,,,,,,,,,,,,,,,,,,,,,,
,,,,,,,,,,,,,,,,,,,,,,,,,,,,
,,,,,,,,,,,,,,,,,,,,,,,,,,,,
,,,,,,,,,,,,,,,,,,,,,,,,,,,,
,,,,,,,,,,,,,,,,,,,,,,,,,,,,
,,,,,,,,,,,,,,,,,,,,,,,,,,,,
,,,,,,,,,,,,,,,,,,,,,,,,,,,,
,,,,,,,,,,,,,,,,,,,,,,,,,,,,
,,,,,,,,,,,,,,,,,,,,,,,,,,,,
,,,,,,,,,,,,,,,,,,,,,,,,,,,,
,,,,,,,,,,,,,,,,,,,,,,,,,,,,
,,,,,,,,,,,,,,,,,,,,,,,,,,,,
,,,,,,,,,,,,,,,,,,,,,,,,,,,,
,,,,,,,,,,,,,,,,,,,,,,,,,,,,
,,,,,,,,,,,,,,,,,,,,,,,,,,,,
,,,,,,,,,,,,,,,,,,,,,,,,,,,,
,,,,,,,,,,,,,,,,,,,,,,,,,,,,
,,,,,,,,,,,,,,,,,,,,,,,,,,,,
,,,,,,,,,,,,,,,,,,,,,,,,,,,,
,,,,,,,,,,,,,,,,,,,,,,,,,,,,
,,,,,,,,,,,,,,,,,,,,,,,,,,,,
,,,,,,,,,,,,,,,,,,,,,,,,,,,,
,,,,,,,,,,,,,,,,,,,,,,,,,,,,
,,,,,,,,,,,,,,,,,,,,,,,,,,,,
,,,,,,,,,,,,,,,,,,,,,,,,,,,,
,,,,,,,,,,,,,,,,,,,,,,,,,,,,
,,,,,,,,,,,,,,,,,,,,,,,,,,,,
,,,,,,,,,,,,,,,,,,,,,,,,,,,,
,,,,,,,,,,,,,,,,,,,,,,,,,,,,
,,,,,,,,,,,,,,,,,,,,,,,,,,,,
,,,,,,,,,,,,,,,,,,,,,,,,,,,,
,,,,,,,,,,,,,,,,,,,,,,,,,,,,
,,,,,,,,,,,,,,,,,,,,,,,,,,,,
,,,,,,,,,,,,,,,,,,,,,,,,,,,,
,,,,,,,,,,,,,,,,,,,,,,,,,,,,
,,,,,,,,,,,,,,,,,,,,,,,,,,,,
,,,,,,,,,,,,,,,,,,,,,,,,,,,,
,,,,,,,,,,,,,,,,,,,,,,,,,,,,
,,,,,,,,,,,,,,,,,,,,,,,,,,,,
,,,,,,,,,,,,,,,,,,,,,,,,,,,,
,,,,,,,,,,,,,,,,,,,,,,,,,,,,
,,,,,,,,,,,,,,,,,,,,,,,,,,,,
,,,,,,,,,,,,,,,,,,,,,,,,,,,,
,,,,,,,,,,,,,,,,,,,,,,,,,,,,
,,,,,,,,,,,,,,,,,,,,,,,,,,,,
,,,,,,,,,,,,,,,,,,,,,,,,,,,,
,,,,,,,,,,,,,,,,,,,,,,,,,,,,
,,,,,,,,,,,,,,,,,,,,,,,,,,,,
,,,,,,,,,,,,,,,,,,,,,,,,,,,,
,,,,,,,,,,,,,,,,,,,,,,,,,,,,
,,,,,,,,,,,,,,,,,,,,,,,,,,,,
,,,,,,,,,,,,,,,,,,,,,,,,,,,,
,,,,,,,,,,,,,,,,,,,,,,,,,,,,
,,,,,,,,,,,,,,,,,,,,,,,,,,,,
,,,,,,,,,,,,,,,,,,,,,,,,,,,,
,,,,,,,,,,,,,,,,,,,,,,,,,,,,
,,,,,,,,,,,,,,,,,,,,,,,,,,,,
,,,,,,,,,,,,,,,,,,,,,,,,,,,,
,,,,,,,,,,,,,,,,,,,,,,,,,,,,
