S.No,HSN Code,Display Name,Product Name,Brand,Product Description,Category,Pack Type,Pack Content,Sale Unit,Add Variant,Attribute 1,Variant 1,Attribute 2,Variant 2,Attribute 3,Variant 3,Primary  Variant,CGST,SGST/IGST,MRP (Rs.),MOP (Rs.),Offer Price (Rs.),Display Price,Display Stock?,Stock Unit,MSU,Stock,Status
1,12345679,Nyt suit,Nyt suit,Clifton,"Fit Type: Regular Fit
Clifton Girl Long Top V-Neck Made of Cotton
Comfort Fit - Machine Wash cold
Available in sizes 4-5 Years,6-7 Years,8-9 Years,10-12 Years.",Nyt suit,Set,1,pieces,Yes,Colour,Gray,Size,XS,,,Colour,2.5,2.5,359,299,,MOP,Yes,pieces,,50000,Available
2,12345679,Nyt suit,Nyt suit,Clifton,"Fit Type: Regular Fit
Clifton Girl Long Top V-Neck Made of Cotton
Comfort Fit - Machine Wash cold
Available in sizes 4-5 Years,6-7 Years,8-9 Years,10-12 Years.",Nyt suit,Set,1,pieces,Yes,Colour,Green,Size,S,,,Colour,2.5,2.5,383,319,,MOP,Yes,pieces,,50000,Available
3,12345679,Nyt suit,Nyt suit,Clifton,"Fit Type: Regular Fit
Clifton Girl Long Top V-Neck Made of Cotton
Comfort Fit - Machine Wash cold
Available in sizes 4-5 Years,6-7 Years,8-9 Years,10-12 Years.",Nyt suit,Set,1,pieces,Yes,Colour,Blue,Size,M,,,Colour,2.5,2.5,479,399,,MOP,Yes,pieces,,50000,Available
4,12345679,Nyt suit,Nyt suit,Clifton,"Fit Type: Regular Fit
Clifton Girl Long Top V-Neck Made of Cotton
Comfort Fit - Machine Wash cold
Available in sizes 4-5 Years,6-7 Years,8-9 Years,10-12 Years.",Nyt suit,Set,1,pieces,Yes,Colour,Black,Size,L,,,Colour,2.5,2.5,599,499,,MOP,Yes,pieces,,50000,Available
5,12345680,Nyt suit,Nyt suit,Clifton,"Clifton Women's Long Top Night Wears Are Made Of Cotton Rich
Light Weight Fabric And Bio Washed For Ultimate Softness
Azo Dyed For Excellent Colour Fastness. Compacted For Minimum Shrinkage
Available in Sizes S, M, L, XL & 2XL",Nyt suit,Piece,1,pieces,Yes,Colour,Red,Size,XL,,,Colour,2.5,2.5,479,399,,MOP,Yes,pieces,,5000,Available
6,12345680,Nyt suit,Nyt suit,Clifton,"Clifton Women's Long Top Night Wears Are Made Of Cotton Rich
Light Weight Fabric And Bio Washed For Ultimate Softness
Azo Dyed For Excellent Colour Fastness. Compacted For Minimum Shrinkage
Available in Sizes S, M, L, XL & 2XL",Nyt suit,Piece,1,pieces,Yes,Colour,Rose,Size,XXL ,,,Colour,2.5,2.5,599,499,,MOP,Yes,pieces,,5000,Available
7,12345680,Nyt suit,Nyt suit,Clifton,"Clifton Women's Long Top Night Wears Are Made Of Cotton Rich
Light Weight Fabric And Bio Washed For Ultimate Softness
Azo Dyed For Excellent Colour Fastness. Compacted For Minimum Shrinkage
Available in Sizes S, M, L, XL & 2XL",Nyt suit,Piece,1,pieces,Yes,Colour,Marron,Size,XXXL,,,Colour,2.5,2.5,600,500,,MOP,Yes,pieces,,5000,Available
8,12345680,Nyt suit,Nyt suit,Clifton,"Clifton Women's Long Top Night Wears Are Made Of Cotton Rich
Light Weight Fabric And Bio Washed For Ultimate Softness
Azo Dyed For Excellent Colour Fastness. Compacted For Minimum Shrinkage
Available in Sizes S, M, L, XL & 2XL",Nyt suit,Piece,1,pieces,Yes,Colour,Green ,Size,4-5 Years,,,Colour,2.5,2.5,1199,999,,MOP,Yes,pieces,,5000,Available
9,12345680,Nyt suit,Nyt suit,Clifton,"Fit Type: Regular Fit
Care Instructions: Machine Wash
Clifton Girl Tshirt Made of Cotton
Comfort Fit - Machine Wash cold
Available in sizes 4-5 Years,6-7 Years,8-9 Years,10-12Years,13-14Years,15- 16 Years",Nyt suit,Piece,1,pieces,Yes,Colour,Orange,Size,5-6 Years,,,Colour,2.5,2.5,1079,899,,MOP,Yes,pieces,,5000,Available
10,12345680,Nyt suit,Nyt suit,Clifton,"Fit Type: Regular Fit
Care Instructions: Machine Wash
Clifton Girl Tshirt Made of Cotton
Comfort Fit - Machine Wash cold
Available in sizes 4-5 Years,6-7 Years,8-9 Years,10-12Years,13-14Years,15- 16 Years",Nyt suit,Piece,1,pieces,Yes,Colour,Yellow,Size,6-7 Years,,,Colour,2.5,2.5,1199,999,,MOP,Yes,pieces,,5000,Available
11,12345680,Nyt suit,Nyt suit,Clifton,"Fit Type: Regular Fit
Care Instructions: Machine Wash
Clifton Girl Tshirt Made of Cotton
Comfort Fit - Machine Wash cold
Available in sizes 4-5 Years,6-7 Years,8-9 Years,10-12Years,13-14Years,15- 16 Years",Nyt suit,Piece,1,pieces,Yes,Colour,Gray,Size,7-8 Years,,,Colour,2.5,2.5,1319,1099,,MOP,Yes,pieces,,5000,Available
12,12345680,Nyt suit,Nyt suit,Clifton,"Fit Type: Regular Fit
Care Instructions: Machine Wash
Clifton Girl Tshirt Made of Cotton
Comfort Fit - Machine Wash cold
Available in sizes 4-5 Years,6-7 Years,8-9 Years,10-12Years,13-14Years,15- 16 Years",Nyt suit,Piece,1,pieces,Yes,Colour,White,Size,8-9 Years,,,Colour,2.5,2.5,1439,1199,,MOP,Yes,pieces,,5000,Available
13,12345680,Nyt suit,Nyt suit,Clifton,"Fit Type: Regular Fit
Care Instructions: Machine Wash
Clifton Girl Tshirt Made of Cotton
Comfort Fit - Machine Wash cold
Available in sizes 4-5 Years,6-7 Years,8-9 Years,10-12Years,13-14Years,15- 16 Years",Nyt suit,Piece,1,pieces,Yes,Colour,Marron,Size,9-10 Years,,,Colour,2.5,2.5,1559,1299,,MOP,Yes,pieces,,5000,Available
