S.No,HSN Code,Display Name,Product Name,Brand,Product Description,Category,Pack Type,Pack Content,Sale Unit,Add Variant,Attribute 1,Variant 1,Attribute 2,Variant 2,Attribute 3,Variant 3,Primary  Variant,CGST,SGST/IGST,MRP (Rs.),MOP (Rs.),Offer Price (Rs.),Display Price,Display Stock?,Stock Unit,MSU,Stock,Status
1,12345679,Girl V-Neck Long Top Nightwear,Girl V-Neck Long Top Nightwear,Clifton,"Fit Type: Regular Fit
Clifton Girl Long Top V-Neck Made of Cotton
Comfort Fit - Machine Wash cold
Available in sizes 4-5 Years,6-7 Years,8-9 Years,10-12 Years.",Women Nightwear,Set,1,nos,Yes,Size,4-5 Years,,,,,Size,2.5,2.5,359,299,,MOP,Yes,nos,,50000,Available
2,12345679,Girl V-Neck Long Top Nightwear,Girl V-Neck Long Top Nightwear,Clifton,"Fit Type: Regular Fit
Clifton Girl Long Top V-Neck Made of Cotton
Comfort Fit - Machine Wash cold
Available in sizes 4-5 Years,6-7 Years,8-9 Years,10-12 Years.",Women Nightwear,Set,1,nos,Yes,Size,6-7 Years,,,,,Size,2.5,2.5,383,319,,MOP,Yes,nos,,50000,Available
3,12345679,Girl V-Neck Long Top Nightwear,Girl V-Neck Long Top Nightwear,Clifton,"Fit Type: Regular Fit
Clifton Girl Long Top V-Neck Made of Cotton
Comfort Fit - Machine Wash cold
Available in sizes 4-5 Years,6-7 Years,8-9 Years,10-12 Years.",Women Nightwear,Set,1,nos,Yes,Size,8-9 Years,,,,,Size,2.5,2.5,479,399,,MOP,Yes,nos,,50000,Available
4,12345679,Girl V-Neck Long Top Nightwear,Girl V-Neck Long Top Nightwear,Clifton,"Fit Type: Regular Fit
Clifton Girl Long Top V-Neck Made of Cotton
Comfort Fit - Machine Wash cold
Available in sizes 4-5 Years,6-7 Years,8-9 Years,10-12 Years.",Women Nightwear,Set,1,nos,Yes,Size,10 - 12 Years,,,,,Size,2.5,2.5,599,499,,MOP,Yes,nos,,50000,Available
5,12345680,Womens Printed Longtop Nightwear-Flora,Womens Printed Longtop Nightwear-Flora,Clifton,"Clifton Women's Long Top Night Wears Are Made Of Cotton Rich
Light Weight Fabric And Bio Washed For Ultimate Softness
Azo Dyed For Excellent Colour Fastness. Compacted For Minimum Shrinkage
Available in Sizes S, M, L, XL & 2XL",Women Nightwear,Set,1,nos,Yes,Size,S,,,,,Size,2.5,2.5,479,399,,MOP,Yes,nos,,5000,Available
6,12345680,Women's Printed Longtop Nightwear-Flora,Women's Printed Longtop Nightwear-Flora,Clifton,"Clifton Women's Long Top Night Wears Are Made Of Cotton Rich
Light Weight Fabric And Bio Washed For Ultimate Softness
Azo Dyed For Excellent Colour Fastness. Compacted For Minimum Shrinkage
Available in Sizes S, M, L, XL & 2XL",Women Nightwear,Set,1,nos,Yes,Size,M,,,,,Size,2.5,2.5,599,499,,MOP,Yes,nos,,5000,Available
7,12345680,Women's Printed Longtop Nightwear-Flora,Women's Printed Longtop Nightwear-Flora,Clifton,"Clifton Women's Long Top Night Wears Are Made Of Cotton Rich
Light Weight Fabric And Bio Washed For Ultimate Softness
Azo Dyed For Excellent Colour Fastness. Compacted For Minimum Shrinkage
Available in Sizes S, M, L, XL & 2XL",Women Nightwear,Set,1,nos,Yes,Size,XL,,,,,Size,2.5,2.5,600,500,,MOP,Yes,nos,,5000,Available
8,12345680,Women's Printed Longtop Nightwear-Flora,Women's Printed Longtop Nightwear-Flora,Clifton,"Clifton Women's Long Top Night Wears Are Made Of Cotton Rich
Light Weight Fabric And Bio Washed For Ultimate Softness
Azo Dyed For Excellent Colour Fastness. Compacted For Minimum Shrinkage
Available in Sizes S, M, L, XL & 2XL",Women Nightwear,Set,1,nos,Yes,Size,2XL,,,,,Size,2.5,2.5,1199,999,,MOP,Yes,nos,,5000,Available
9,12345680,Girl Round Neck Half Sleeve T-Shirt,Girl Round Neck Half Sleeve T-Shirt,Clifton,"Fit Type: Regular Fit
Care Instructions: Machine Wash
Clifton Girl Tshirt Made of Cotton
Comfort Fit - Machine Wash cold
Available in sizes 4-5 Years,6-7 Years,8-9 Years,10-12Years,13-14Years,15- 16 Years",Girls T-Shirt,Set,1,nos,Yes,Size,3 - 4 Years,,,,,Size,2.5,2.5,1079,899,,MOP,Yes,nos,,5000,Available
10,12345680,Girl Round Neck Half Sleeve T-Shirt,Girl Round Neck Half Sleeve T-Shirt,Clifton,"Fit Type: Regular Fit
Care Instructions: Machine Wash
Clifton Girl Tshirt Made of Cotton
Comfort Fit - Machine Wash cold
Available in sizes 4-5 Years,6-7 Years,8-9 Years,10-12Years,13-14Years,15- 16 Years",Girls T-Shirt,Set,1,nos,Yes,Size,5 - 6 Years,,,,,Size,2.5,2.5,1199,999,,MOP,Yes,nos,,5000,Available
11,12345680,Girl Round Neck Half Sleeve T-Shirt,Girl Round Neck Half Sleeve T-Shirt,Clifton,"Fit Type: Regular Fit
Care Instructions: Machine Wash
Clifton Girl Tshirt Made of Cotton
Comfort Fit - Machine Wash cold
Available in sizes 4-5 Years,6-7 Years,8-9 Years,10-12Years,13-14Years,15- 16 Years",Girls T-Shirt,Set,1,nos,Yes,Size,7 - 8 Years,,,,,Size,2.5,2.5,1319,1099,,MOP,Yes,nos,,5000,Available
12,12345680,Girl Round Neck Half Sleeve T-Shirt,Girl Round Neck Half Sleeve T-Shirt,Clifton,"Fit Type: Regular Fit
Care Instructions: Machine Wash
Clifton Girl Tshirt Made of Cotton
Comfort Fit - Machine Wash cold
Available in sizes 4-5 Years,6-7 Years,8-9 Years,10-12Years,13-14Years,15- 16 Years",Girls T-Shirt,Set,1,nos,Yes,Size,8 - 9 Years,,,,,Size,2.5,2.5,1439,1199,,MOP,Yes,nos,,5000,Available
13,12345680,Girl Round Neck Half Sleeve T-Shirt,Girl Round Neck Half Sleeve T-Shirt,Clifton,"Fit Type: Regular Fit
Care Instructions: Machine Wash
Clifton Girl Tshirt Made of Cotton
Comfort Fit - Machine Wash cold
Available in sizes 4-5 Years,6-7 Years,8-9 Years,10-12Years,13-14Years,15- 16 Years",Girls T-Shirt,Set,1,nos,Yes,Size,10 - 12 Years,,,,,Size,2.5,2.5,1559,1299,,MOP,Yes,nos,,5000,Available
14,12345680,Women V Neck Army Printed T-Shirt-Half Sleeve,Women V Neck Army Printed T-Shirt-Half Sleeve,Clifton,"Fit Type: Regular Fit
Care Instructions: Machine Wash
Clifton Women Army Printed T-shirt Made of Cotton
Comfort Fit - Machine Wash cold
Available in sizes XS,S, M, L, XL & 2XL",Girls T-Shirt,Set,1,nos,Yes,Size,S,,,,,Size,2.5,2.5,1559,1299,,MOP,Yes,nos,,5000,Available
15,12345680,Women V Neck Army Printed T-Shirt-Half Sleeve,Women V Neck Army Printed T-Shirt-Half Sleeve,Clifton,"Fit Type: Regular Fit
Care Instructions: Machine Wash
Clifton Women Army Printed T-shirt Made of Cotton
Comfort Fit - Machine Wash cold
Available in sizes XS,S, M, L, XL & 2XL",Girls T-Shirt,Set,1,nos,Yes,Size,M,,,,,Size,2.5,2.5,1559,1299,,MOP,Yes,nos,,5000,Available
16,12345680,Women V Neck Army Printed T-Shirt-Half Sleeve,Women V Neck Army Printed T-Shirt-Half Sleeve,Clifton,"Fit Type: Regular Fit
Care Instructions: Machine Wash
Clifton Women Army Printed T-shirt Made of Cotton
Comfort Fit - Machine Wash cold
Available in sizes XS,S, M, L, XL & 2XL",Girls T-Shirt,Set,1,nos,Yes,Size,L,,,,,Size,2.5,2.5,1559,1299,,MOP,Yes,nos,,5000,Available
17,12345680,Women V Neck Army Printed T-Shirt-Half Sleeve,Women V Neck Army Printed T-Shirt-Half Sleeve,Clifton,"Fit Type: Regular Fit
Care Instructions: Machine Wash
Clifton Women Army Printed T-shirt Made of Cotton
Comfort Fit - Machine Wash cold
Available in sizes XS,S, M, L, XL & 2XL",Girls T-Shirt,Set,1,nos,Yes,Size,XL,,,,,Size,2.5,2.5,1559,1299,,MOP,Yes,nos,,5000,Available
18,12345680,Men Round Neck Full Sleeve Tshirt,Men Round Neck Full Sleeve Tshirt,Clifton,"Fit Type: Regular Fit
Care Instructions: Machine Wash
Clifton Mens Round Neck T-Shirt Made of Cotton
Comfort Fit - Machine Wash cold
Available in sizes S, M, L, XL & 2XL.",Mens T-Shirt,Set,1,nos,Yes,Size,XL,,,,,Size,2.5,2.5,826,688,,MOP,Yes,nos,,5000,Available
19,12345680,Men Round Neck Full Sleeve Tshirt,Men Round Neck Full Sleeve Tshirt,Clifton,"Fit Type: Regular Fit
Care Instructions: Machine Wash
Clifton Mens Round Neck T-Shirt Made of Cotton
Comfort Fit - Machine Wash cold
Available in sizes S, M, L, XL & 2XL.",Mens T-Shirt,Set,1,nos,Yes,Size,S,,,,,Size,2.5,2.5,826,688,,MOP,Yes,nos,,5000,Available
20,12345680,Men Round Neck Full Sleeve Tshirt,Men Round Neck Full Sleeve Tshirt,Clifton,"Fit Type: Regular Fit
Care Instructions: Machine Wash
Clifton Mens Round Neck T-Shirt Made of Cotton
Comfort Fit - Machine Wash cold
Available in sizes S, M, L, XL & 2XL.",Mens T-Shirt,Set,1,nos,Yes,Size,M,,,,,Size,2.5,2.5,826,688,,MOP,Yes,nos,,5000,Available
21,12345680,Men Round Neck Full Sleeve Tshirt,Men Round Neck Full Sleeve Tshirt,Clifton,"Fit Type: Regular Fit
Care Instructions: Machine Wash
Clifton Mens Round Neck T-Shirt Made of Cotton
Comfort Fit - Machine Wash cold
Available in sizes S, M, L, XL & 2XL.",Mens T-Shirt,Set,1,nos,Yes,Size,2XL,,,,,Size,2.5,2.5,826,688,,MOP,Yes,nos,,5000,Available
22,12345680,Men Round Neck Full Sleeve Tshirt,Men Round Neck Full Sleeve Tshirt,Clifton,"Fit Type: Regular Fit
Care Instructions: Machine Wash
Clifton Mens Round Neck T-Shirt Made of Cotton
Comfort Fit - Machine Wash cold
Available in sizes S, M, L, XL & 2XL.",Mens T-Shirt,Set,1,nos,Yes,Size,L,,,,,Size,2.5,2.5,826,688,,MOP,Yes,nos,,5000,Available
23,12345680, Men's Army LoopKnit Short, Men's Army LoopKnit Short,Clifton,"Clifton Men's Army LoopKnit Shorts Are Made Of Cotton Rich
Light Weight Fabric And Bio Washed For Ultimate Softness
Azo Dyed For Excellent Colour Fastness
Compacted For Minimum Shrinkage
Available In Sizes S, M, L, XL & XXL",Mens Short,Set,1,nos,Yes,Size,S,,,,,Size,2.5,2.5,719,599,,MOP,Yes,nos,,5000,Available
24,12345680, Men's Army LoopKnit Short, Men's Army LoopKnit Short,Clifton,"Clifton Men's Army LoopKnit Shorts Are Made Of Cotton Rich
Light Weight Fabric And Bio Washed For Ultimate Softness
Azo Dyed For Excellent Colour Fastness
Compacted For Minimum Shrinkage
Available In Sizes S, M, L, XL & XXL",Mens Short,Set,1,nos,Yes,Size,L,,,,,Size,2.5,2.5,959,799,,MOP,Yes,nos,,5000,Available
25,12345680, Men's Army LoopKnit Short, Men's Army LoopKnit Short,Clifton,"Clifton Men's Army LoopKnit Shorts Are Made Of Cotton Rich
Light Weight Fabric And Bio Washed For Ultimate Softness
Azo Dyed For Excellent Colour Fastness
Compacted For Minimum Shrinkage
Available In Sizes S, M, L, XL & XXL",Mens Short,Set,1,nos,Yes,Size,XL,,,,,Size,2.5,2.5,1079,899,,MOP,Yes,nos,,5000,Available
26,12345680,Men Round Neck Full Sleeve Tshirt - XL,Men Round Neck Full Sleeve Tshirt - XL,Clifton,"Fit Type: Regular Fit
Care Instructions: Machine Wash
Clifton Mens Round Neck T-Shirt Made of Cotton
Comfort Fit - Machine Wash cold",Mens T-Shirt,Set,1,nos,Yes,Colour,Blue,,,,,Colour,2.5,2.5,826,688,,MOP,Yes,nos,,5000,Available
27,12345680,Men Round Neck Full Sleeve Tshirt - XL,Men Round Neck Full Sleeve Tshirt - XL,Clifton,"Fit Type: Regular Fit
Care Instructions: Machine Wash
Clifton Mens Round Neck T-Shirt Made of Cotton
Comfort Fit - Machine Wash cold",Mens T-Shirt,Set,1,nos,Yes,Colour,Red,,,,,Colour,2.5,2.5,826,688,,MOP,Yes,nos,,5000,Available
