S.No,HSN Code,Display Name,Product Name,Brand,Product Description,Category,Pack Type,Pack Content,Sale Unit,Add Variant,Attribute 1,Variant 1,Attribute 2,Variant 2,Attribute 3,Variant 3,Primary  Variant,CGST,SGST/IGST,MRP (Rs.),MOP (Rs.),Offer Price (Rs.),Display Price,Display Stock?,Stock Unit,MSU,Stock,Status
1,12345679,Gown,Gown,Fashions,Quality Clothes,Kids Gown ,Set,1,nos,Yes,Size,4-5 Years,,,,,Size,2.5,2.5,3500,3450,,MRP,Yes,nos,,50000,Available
2,12345680,Gown,Gown,Fashions,Quality Clothes,Kids Gown ,Set,1,nos,Yes,Size,6-7 Years,,,,,Size,2.5,2.5,4000,3950,,MOP,Yes,nos,,50000,Available
3,12345681,Gown,Gown,Fashions,Quality Clothes,Kids Gown ,Set,1,nos,Yes,Size,8-9 Years,,,,,Size,2.5,2.5,5500,5450,5400,OFFER PRICE,Yes,nos,,50000,Available
4,12345682,Gown,Gown,Fashions,Quality Clothes,Kids Gown ,Set,1,nos,Yes,Size,10-12 Years,,,,,Size,2.5,2.5,6000,5950,,MRP,Yes,nos,,50000,Available
5,12345683,Lehanga,Lehanga,Fashions,Quality Clothes,Kids Lehanga,Set,1,nos,Yes,Size,4-5 Years,,,,,Size,2.2,2.2,3000,2950,,MRP,Yes,nos,,40000,Available
6,12345684,Lehanga,Lehanga,Fashions,Quality Clothes,Kids Lehanga,Set,1,nos,Yes,Size,6-7 Years,,,,,Size,2.2,2.2,4500,4250,,MOP,Yes,nos,,40000,Available
7,12345685,Lehanga,Lehanga,Fashions,Quality Clothes,Kids Lehanga,Set,1,nos,Yes,Size,8-9 Years,,,,,Size,2.2,2.2,5000,4950,4750,OFFER PRICE,Yes,nos,,40000,Available
8,12345686,Lehanga,Lehanga,Fashions,Quality Clothes,Kids Lehanga,Set,1,nos,Yes,Size,10-12 Years,,,,,Size,2.2,2.2,5500,5250,,MRP,Yes,nos,,40000,Available
9,12345687,Salwar,Salwar,Fashions,Quality Clothes,Kids Salwar,Set,1,nos,Yes,Size,4-5 Years,,,,,Size,2.3,2.3,3000,2950,,MRP,Yes,nos,,50000,Available
10,12345688,Salwar,Salwar,Fashions,Quality Clothes,Kids Salwar,Set,1,nos,Yes,Size,6-7 Years,,,,,Size,2.3,2.3,4500,4250,,MOP,Yes,nos,,50000,Available
11,12345689,Salwar,Salwar,Fashions,Quality Clothes,Kids Salwar,Set,1,nos,Yes,Size,8-9 Years,,,,,Size,2.3,2.3,5000,4950,4900,OFFER PRICE,Yes,nos,,50000,Available
12,12345690,Salwar,Salwar,Fashions,Quality Clothes,Kids Salwar,Set,1,nos,Yes,Size,10-12 Years,,,,,Size,2.3,2.3,5500,5450,,MRP,Yes,nos,,50000,Available
13,12345695,Formal Shirt,Formal Shirt,Trendz,Quality Clothes,Kids Shirt,Set,1,nos,Yes,Size,4-5 Years,,,,,Size,2.4,2.4,2000,1800,,MRP,Yes,nos,,70000,Available
14,12345696,Formal Shirt,Formal Shirt,Trendz,Quality Clothes,Kids Shirt,Set,1,nos,Yes,Size,6-7 Years,,,,,Size,2.4,2.4,2500,2250,,MOP,Yes,nos,,70000,Available
15,12345697,Formal Shirt,Formal Shirt,Trendz,Quality Clothes,Kids Shirt,Set,1,nos,Yes,Size,8-9 Years,,,,,Size,2.4,2.4,3000,2750,2700,OFFER PRICE,Yes,nos,,70000,Available
16,12345698,Formal Shirt,Formal Shirt,Trendz,Quality Clothes,Kids Shirt,Set,1,nos,Yes,Size,10-12 Years,,,,,Size,2.4,2.4,3500,3250,,MRP,Yes,nos,,70000,Available
17,12345699,Formal Pant,Formal Pant,Trendz,Quality Clothes,Kids Pant,Set,1,nos,Yes,Size,4-5 Years,,,,,Size,2.2,2.2,2000,1950,,MRP,Yes,nos,,80000,Available
18,12345700,Formal Pant,Formal Pant,Trendz,Quality Clothes,Kids Pant,Set,1,nos,Yes,Size,6-7 Years,,,,,Size,2.2,2.2,2500,2250,,MOP,Yes,nos,,80000,Available
19,12345701,Formal Pant,Formal Pant,Trendz,Quality Clothes,Kids Pant,Set,1,nos,Yes,Size,8-9 Years,,,,,Size,2.2,2.2,3000,2750,2700,OFFER PRICE,Yes,nos,,80000,Available
20,12345702,Formal Pant,Formal Pant,Trendz,Quality Clothes,Kids Pant,Set,1,nos,Yes,Size,10-12 Years,,,,,Size,2.2,2.2,3500,3250,,MRP,Yes,nos,,80000,Available
21,12345703,T shirt,T shirt,Trendz,Quality Clothes,Kids Tshirt,Set,1,nos,Yes,Size,4-5 Years,,,,,Size,2.3,2.3,2000,1750,,MRP,Yes,nos,,90000,Available
22,12345704,T shirt,T shirt,Trendz,Quality Clothes,Kids Tshirt,Set,1,nos,Yes,Size,6-7 Years,,,,,Size,2.3,2.3,2500,2250,,MOP,Yes,nos,,90000,Available
23,12345705,T shirt,T shirt,Trendz,Quality Clothes,Kids Tshirt,Set,1,nos,Yes,Size,8-9 Years,,,,,Size,2.3,2.3,3000,2750,2700,OFFER PRICE,Yes,nos,,90000,Available
24,12345706,T shirt,T shirt,Trendz,Quality Clothes,Kids Tshirt,Set,1,nos,Yes,Size,10-12 Years,,,,,Size,2.3,2.3,3500,3250,,MRP,Yes,nos,,90000,Available
25,12345699,Geans Pant,Geans Pant,Trendz,Quality Clothes,Jeans Pant,Set,1,nos,Yes,Size,4-5 Years,,,,,Size,2.2,2.2,2000,1950,,MRP,Yes,nos,,80000,Available
26,12345700,Geans Pant,Geans Pant,Trendz,Quality Clothes,Jeans Pant,Set,1,nos,Yes,Size,6-7 Years,,,,,Size,2.2,2.2,2500,2250,,MOP,Yes,nos,,80000,Available
27,12345701,Geans Pant,Geans Pant,Trendz,Quality Clothes,Jeans Pant,Set,1,nos,Yes,Size,8-9 Years,,,,,Size,2.2,2.2,3000,2750,2700,OFFER PRICE,Yes,nos,,80000,Available
28,12345702,Geans Pant,Geans Pant,Trendz,Quality Clothes,Jeans Pant,Set,1,nos,Yes,Size,10-12 Years,,,,,Size,2.2,2.2,3500,3250,,MRP,Yes,nos,,80000,Available
