S.No,HSN Code,Display Name,Product Name,Brand,Product Description,Category,Pack Type,Pack Content,Sale Unit,Add Variant,Attribute 1,Variant 1,Attribute 2,Variant 2,Attribute 3,Variant 3,Primary  Variant,CGST,SGST/IGST,MRP (Rs.),MOP (Rs.),Offer Price (Rs.),Display Price,Display Stock?,Stock Unit,MSU,Stock,Status
1,12345679, Gown,Womens Fashions,Fashions,Quality Clothes, Gown Mom & Kids,Set,2,nos,Yes,Size,Small,,,,,Size,2.5,2.5,3500,3450,,MRP,Yes,nos,,50000,Available
2,12345680, Gown,Womens Fashions,Fashions,Quality Clothes, Gown Mom & Kids,Set,2,nos,Yes,Size,Medium,,,,,Size,2.5,2.5,4000,3950,,MOP,Yes,nos,,50000,Available
3,12345681, Gown,Womens Fashions,Fashions,Quality Clothes, Gown Mom & Kids,Set,2,nos,Yes,Size,Large,,,,,Size,2.5,2.5,5500,5450,5400,OFFER PRICE,Yes,nos,,50000,Available
4,12345682, Gown,Womens Fashions,Fashions,Quality Clothes, Gown Mom & Kids,Set,2,nos,Yes,Size,XL,,,,,Size,2.5,2.5,6000,5950,,MRP,Yes,nos,,50000,Available
5,12345683,Lehanga,Womens Fashions,Fashions,Quality Clothes,Lehanga Mom & Kids,Set,2,nos,Yes,Size,Small,,,,,Size,2.2,2.2,3000,2950,,MRP,Yes,nos,,40000,Available
6,12345684,Lehanga,Womens Fashions,Fashions,Quality Clothes,Lehanga Mom & Kids,Set,2,nos,Yes,Size,Medium,,,,,Size,2.2,2.2,4500,4250,,MOP,Yes,nos,,40000,Available
7,12345685,Lehanga,Womens Fashions,Fashions,Quality Clothes,Lehanga Mom & Kids,Set,2,nos,Yes,Size,Large,,,,,Size,2.2,2.2,5000,4950,4750,OFFER PRICE,Yes,nos,,40000,Available
8,12345686,Lehanga,Womens Fashions,Fashions,Quality Clothes,Lehanga Mom & Kids,Set,2,nos,Yes,Size,XL,,,,,Size,2.2,2.2,5500,5250,,MRP,Yes,nos,,40000,Available
9,12345687,Salwar,Womens Fashions,Fashions,Quality Clothes,SalwarMom & Kids,Set,2,nos,Yes,Size,Small,,,,,Size,2.3,2.3,3000,2950,,MRP,Yes,nos,,50000,Available
10,12345688,Salwar,Womens Fashions,Fashions,Quality Clothes,SalwarMom & Kids,Set,2,nos,Yes,Size,Medium,,,,,Size,2.3,2.3,4500,4250,,MOP,Yes,nos,,50000,Available
11,12345689,Salwar,Womens Fashions,Fashions,Quality Clothes,SalwarMom & Kids,Set,2,nos,Yes,Size,Large,,,,,Size,2.3,2.3,5000,4950,4900,OFFER PRICE,Yes,nos,,50000,Available
12,12345690,Salwar,Womens Fashions,Fashions,Quality Clothes,SalwarMom & Kids,Set,2,nos,Yes,Size,XL,,,,,Size,2.3,2.3,5500,5450,,MRP,Yes,nos,,50000,Available
