S.No,HSN Code,Display Name,Product Name,Brand,Product Description,Category,Pack Type,Pack Content,Sale Unit,Add Variant,Attribute 1,Variant 1,Attribute 2,Variant 2,Attribute 3,Variant 3,Primary  Variant,CGST,SGST/IGST,MRP (Rs.),MOP (Rs.),Offer Price (Rs.),Display Price,Display Stock?,Stock Unit,MSU,Stock,Status
13,12345691,Nytie Sleevless,Nytie Sleevless,Fashions,Quality Clothes,Nytie Sleevless,Piece,1,pieces,Yes,Color,Pink,,,,,Color,2.1,2.1,3000,2950,,MRP,Yes,nos,,60000,Available
14,12345692,Nytie Sleevless,Nytie Sleevless,Fashions,Quality Clothes,Nytie Sleevless,Piece,1,pieces,Yes,Color,Green,,,,,Color,2.1,2.1,4500,4450,,MOP,Yes,nos,,60000,Available
15,12345693,Nytie Sleevless,Nytie Sleevless,Fashions,Quality Clothes,Nytie Sleevless,Piece,1,pieces,Yes,Color,Blue,,,,,Color,2.1,2.1,5000,4900,4800,OFFER PRICE,Yes,nos,,60000,Available
16,12345694,Nytie Sleevless,Nytie Sleevless,Fashions,Quality Clothes,Nytie Sleevless,Piece,1,pieces,Yes,Color,Yellow,,,,,Color,2.1,2.1,5500,5400,,MRP,Yes,nos,,60000,Available
