S.No,HSN Code,Display Name,Product Name,Brand,Product Description,Category,Pack Type,Pack Content,Sale Unit,Add Variant,Attribute 1,Variant 1,Attribute 2,Variant 2,Attribute 3,Variant 3,Primary  Variant,CGST,SGST/IGST,MRP (Rs.),MOP (Rs.),Offer Price (Rs.),Display Price,Display Stock?,Stock Unit,MSU,Stock,Status
1,12345678,Blondie Brownie Box,Blondie Brownie Box,The Brownie Studio,Lose yourself in the exquisitely smooth and silken experience of our white chocolate brownie. Specially sourced white chocolate and aroma butter are blissfully blended to create a mesmerizing experience! (12 Pieces) Shelf Life - 7 days | Weight - 300 gms,"Brownies & Desserts
",Box,1,box,Yes,Weight,330 gms,Type,Egg,,,Weight,0,0,500,500,,MOP,NO,box,10,,Available
2,12345679,Incredible Nutella Brownie Box,Incredible Nutella Brownie Box,The Brownie Studio,Our Brownie falls in love with Nutella. This is one hell of a love story! (12 Pieces) Shelf Life - 7 days | Weight - 300 gms,"Brownies & Desserts
",Box,1,box,Yes,Weight,330 gms,Type,Egg,,,Weight,0,0,600,600,,MOP,NO,box,10,,Available
3,12345680,Death By Chocolate - Wizard Magic Jar,Death By Chocolate - Wizard Magic Jar,The Brownie Studio,Death by chocolate: handcrafted creamy mousse baked with finest dark chocolate & other special ingredients for chocolate lovers.,"Brownies & Desserts
",Jar,1,jar,Yes,Weight,1 jar,Type,Egg,,,Weight,0,0,230,230,,MOP,NO,jar,10,,Available
4,12345681,Death By Chocolate - Wizard Magic Jar,Death By Chocolate - Wizard Magic Jar,The Brownie Studio,Death by chocolate: handcrafted creamy mousse baked with finest dark chocolate & other special ingredients for chocolate lovers.,"Brownies & Desserts
",Jar,1,jar,Yes,Weight,1 jar,Type,Eggless,,,Weight,0,0,230,230,,MOP,NO,jar,10,,Available
5,12345682,Red Woman Jar - Red Velvet and White Chocolate,Red Woman Jar - Red Velvet and White Chocolate,The Brownie Studio,Red Woman Jar - Red Velvet and White Chocolate,"Brownies & Desserts
",Jar,1,jar,Yes,Weight,1 jar,Type,Egg,,,Weight,0,0,280,280,,MOP,NO,jar,10,,Available
7,12345683,Sailor Jar - Caramel Brownie,Sailor Jar - Caramel Brownie,The Brownie Studio,Dual layers of nutty brownie layered with salted caramel for the perfect blend.,"Brownies & Desserts
",Jar,1,jar,Yes,Weight,1 jar,Type,Egg,,,Weight,0,0,230,230,,MOP,NO,jar,10,,Available
8,12345684,Sailor Jar - Caramel Brownie,Sailor Jar - Caramel Brownie,The Brownie Studio,Dual layers of nutty brownie layered with salted caramel for the perfect blend.,"Brownies & Desserts
",Jar,1,jar,Yes,Weight,1 jar,Type,Eggless,,,Weight,0,0,230,230,,MOP,NO,jar,10,,Available
9,12345685,Caremelized White Chocolate Jar,Caremelized White Chocolate Jar,The Brownie Studio,Layers of the new caramelized white chocolate fudge & chocolate cake,"Brownies & Desserts
",Jar,1,jar,Yes,Weight,1 jar,Type,Egg,,,Weight,0,0,280,280,,MOP,NO,jar,10,,Available
10,12345686,Caremelized White Chocolate Jar,Caremelized White Chocolate Jar,The Brownie Studio,Layers of the new caramelized white chocolate fudge & chocolate cake,"Brownies & Desserts
",Jar,1,jar,Yes,Weight,1 jar,Type,Eggless,,,Weight,0,0,280,280,,MOP,NO,jar,10,,Available
11,12345687,Corporate Gift boxes,Corporate Gift boxes,The Brownie Studio,Corporate Gift boxes,"Brownies & Desserts
",Pack,1,pack,Yes,Weight,1 pack,Type,Egg,,,Weight,0,0,"60,000","60,000",,MOP,NO,pack,10,,Available
12,12345688,Corporate Gift boxes,Corporate Gift boxes,The Brownie Studio,Corporate Gift boxes,"Brownies & Desserts
",Pack,1,Pack,Yes,Weight,1 pack,Type,Eggless,,,Weight,0,0,"60,000","60,000",,MOP,NO,Pack,10,,Available
