S.No,HSN Code,Display Name,Product Name,Brand,Product Description,Category,Pack Type,Pack Content,Sale Unit,Add Variant,Attribute 1,Variant 1,Attribute 2,Variant 2,Attribute 3,Variant 3,Primary  Variant,CGST,SGST/IGST,MRP (Rs.),MOP (Rs.),Offer Price (Rs.),Display Price,Display Stock?,Stock Unit,MSU,Stock,Status
1,12345678,Chocolate Brownie Walnut Cake,Chocolate Brownie Walnut Cake,The Brownie Studio,Brownie Cake is a tasty and organic cake,Cake,Box,0.5,kg,Yes,Shape,Round,Type,Egg,,,Shape,2.1,2.1,500,450,,MRP,NO,box,10,,Available
2,12345679,Chocolate Brownie Walnut Cake,Chocolate Brownie Walnut Cake,The Brownie Studio,Brownie Cake is a tasty and organic cake,Cake,Box,1,kg,Yes,Shape,Round,Type,Egg,,,Shape,2.1,2.1,1000,950,,MRP,NO,box,10,,Available
3,12345680,Chocolate Brownie Walnut Cake,Chocolate Brownie Walnut Cake,The Brownie Studio,Brownie Cake is a tasty and organic cake,Cake,Box,1.5,kg,Yes,Shape,Round,Type,Egg,,,Shape,2.1,2.1,1500,1450,,MRP,NO,box,10,,Available
4,12345681,Chocolate Brownie Walnut Cake,Chocolate Brownie Walnut Cake,The Brownie Studio,Brownie Cake is a tasty and organic cake,Cake,Box,2,kg,Yes,Shape,Round,Type,Egg,,,Shape,2.1,2.1,2000,1950,,MRP,NO,box,10,,Available
5,12345682,Chocolate Brownie Walnut Cake,Chocolate Brownie Walnut Cake,The Brownie Studio,Brownie Cake is a tasty and organic cake,Cake,Box,2.5,kg,Yes,Shape,Round,Type,Egg,,,Shape,2.1,2.1,25000,2450,,MRP,NO,box,10,,Available
6,12345683,Chocolate Brownie Walnut Cake,Chocolate Brownie Walnut Cake,The Brownie Studio,Brownie Cake is a tasty and organic cake,Cake,Box,3,kg,Yes,Shape,Round,Type,Egg,,,Shape,2.1,2.1,3000,2950,,MRP,NO,box,10,,Available
7,12345684,Fudgy Brownie Cake,Fudgy Brownie Cake,The Brownie Studio,Brownie Cake is a tasty and organic cake,Cake,Box,0.5,kg,Yes,Shape,Round,Type,Eggless,,,Shape,2.1,2.1,500,450,,MOP,NO,box,10,,Available
8,12345685,Fudgy Brownie Cake,Fudgy Brownie Cake,The Brownie Studio,Brownie Cake is a tasty and organic cake,Cake,Box,1,kg,Yes,Shape,Round,Type,Eggless,,,Shape,2.1,2.1,1000,950,,MOP,NO,box,10,,Available
9,12345686,Fudgy Brownie Cake,Fudgy Brownie Cake,The Brownie Studio,Brownie Cake is a tasty and organic cake,Cake,Box,1.5,kg,Yes,Shape,Round,Type,Eggless,,,Shape,2.1,2.1,1500,1450,,MOP,NO,box,10,,Available
10,12345687,Fudgy Brownie Cake,Fudgy Brownie Cake,The Brownie Studio,Brownie Cake is a tasty and organic cake,Cake,Box,2,kg,Yes,Shape,Round,Type,Eggless,,,Shape,2.1,2.1,2000,1950,,MOP,NO,box,10,,Available
11,12345688,Fudgy Brownie Cake,Fudgy Brownie Cake,The Brownie Studio,Brownie Cake is a tasty and organic cake,Cake,Box,2.5,kg,Yes,Shape,Round,Type,Eggless,,,Shape,2.1,2.1,25000,2450,,MOP,NO,box,10,,Available
,,,,,,,,3,kg,Yes,Shape,Round,Type,Eggless,,,Shape,2.1,2.1,3000,2950,,MOP,,box,,,Available
12,12345689,Chocolate Brownie Strawberry Cake,Chocolate Brownie Strawberry Cake,The Brownie Studio,Brownie Cake is a tasty and organic cake,Cake,Box,0.5,kg,Yes,Shape,Round,Type,Egg,,,Shape,2.1,2.1,500,450,400,Offer Price,NO,box,10,,Available
13,12345690,Chocolate Brownie Strawberry Cake,Chocolate Brownie Strawberry Cake,The Brownie Studio,Brownie Cake is a tasty and organic cake,Cake,Box,1,kg,Yes,Shape,Round,Type,Egg,,,Shape,2.1,2.1,1000,950,900,Offer Price,NO,box,10,,Available
14,12345691,Chocolate Brownie Strawberry Cake,Chocolate Brownie Strawberry Cake,The Brownie Studio,Brownie Cake is a tasty and organic cake,Cake,Box,1.5,kg,Yes,Shape,Round,Type,Egg,,,Shape,2.1,2.1,1500,1450,1400,Offer Price,NO,box,10,,Available
15,12345692,Chocolate Brownie Strawberry Cake,Chocolate Brownie Strawberry Cake,The Brownie Studio,Brownie Cake is a tasty and organic cake,Cake,Box,2,kg,Yes,Shape,Round,Type,Egg,,,Shape,2.1,2.1,2000,1950,1900,Offer Price,NO,box,10,,Available
16,12345693,Chocolate Brownie Strawberry Cake,Chocolate Brownie Strawberry Cake,The Brownie Studio,Brownie Cake is a tasty and organic cake,Cake,Box,2.5,kg,Yes,Shape,Round,Type,Egg,,,Shape,2.1,2.1,25000,2450,2400,Offer Price,NO,box,10,,Available
17,12345694,Chocolate Brownie Strawberry Cake,Chocolate Brownie Strawberry Cake,The Brownie Studio,Brownie Cake is a tasty and organic cake,Cake,Box,3,kg,Yes,Shape,Round,Type,Egg,,,Shape,2.1,2.1,3000,2950,2900,Offer Price,NO,box,10,,Available
18,12345695,Peanut Butter Fudge chocolateFudge Brownie,Peanut Butter Fudge chocolateFudge Brownie,The Brownie Studio,Brownie Cake is a tasty and organic cake,Cake,Box,0.5,kg,Yes,Shape,Round,Type,Eggless,,,Shape,2.1,2.1,500,450,,MRP,NO,box,10,,Available
19,12345696,Peanut Butter Fudge chocolateFudge Brownie,Peanut Butter Fudge chocolateFudge Brownie,The Brownie Studio,Brownie Cake is a tasty and organic cake,Cake,Box,1,kg,Yes,Shape,Round,Type,Eggless,,,Shape,2.1,2.1,1000,950,,MRP,NO,box,10,,Available
20,12345697,Peanut Butter Fudge chocolateFudge Brownie,Peanut Butter Fudge chocolateFudge Brownie,The Brownie Studio,Brownie Cake is a tasty and organic cake,Cake,Box,1.5,kg,Yes,Shape,Round,Type,Eggless,,,Shape,2.1,2.1,1500,1450,,MRP,NO,box,10,,Available
21,12345698,Peanut Butter Fudge chocolateFudge Brownie,Peanut Butter Fudge chocolateFudge Brownie,The Brownie Studio,Brownie Cake is a tasty and organic cake,Cake,Box,2,kg,Yes,Shape,Round,Type,Eggless,,,Shape,2.1,2.1,2000,1950,,MRP,NO,box,10,,Available
22,12345699,Peanut Butter Fudge chocolateFudge Brownie,Peanut Butter Fudge chocolateFudge Brownie,The Brownie Studio,Brownie Cake is a tasty and organic cake,Cake,Box,2.5,kg,Yes,Shape,Round,Type,Eggless,,,Shape,2.1,2.1,25000,2450,,MRP,NO,box,10,,Available
23,12345700,Peanut Butter Fudge chocolateFudge Brownie,Peanut Butter Fudge chocolateFudge Brownie,The Brownie Studio,Brownie Cake is a tasty and organic cake,Cake,Box,3,kg,Yes,Shape,Round,Type,Eggless,,,Shape,2.1,2.1,3000,2950,,MRP,NO,box,10,,Available
24,12345701,Rasberry Nutella Brownie Cake,Rasberry Nutella Brownie Cake,The Brownie Studio,Brownie Cake is a tasty and organic cake,Cake,Box,0.5,kg,Yes,Shape,Round,Type,Egg,,,Shape,2.1,2.1,500,450,,MOP,NO,box,10,,Available
25,12345702,Rasberry Nutella Brownie Cake,Rasberry Nutella Brownie Cake,The Brownie Studio,Brownie Cake is a tasty and organic cake,Cake,Box,1,kg,Yes,Shape,Round,Type,Egg,,,Shape,2.1,2.1,1000,950,,MOP,NO,box,10,,Available
26,12345703,Rasberry Nutella Brownie Cake,Rasberry Nutella Brownie Cake,The Brownie Studio,Brownie Cake is a tasty and organic cake,Cake,Box,1.5,kg,Yes,Shape,Round,Type,Egg,,,Shape,2.1,2.1,1500,1450,,MOP,NO,box,10,,Available
27,12345704,Rasberry Nutella Brownie Cake,Rasberry Nutella Brownie Cake,The Brownie Studio,Brownie Cake is a tasty and organic cake,Cake,Box,2,kg,Yes,Shape,Round,Type,Egg,,,Shape,2.1,2.1,2000,1950,,MOP,NO,box,10,,Available
28,12345705,Rasberry Nutella Brownie Cake,Rasberry Nutella Brownie Cake,The Brownie Studio,Brownie Cake is a tasty and organic cake,Cake,Box,2.5,kg,Yes,Shape,Round,Type,Egg,,,Shape,2.1,2.1,25000,2450,,MOP,NO,box,10,,Available
29,12345706,Rasberry Nutella Brownie Cake,Rasberry Nutella Brownie Cake,The Brownie Studio,Brownie Cake is a tasty and organic cake,Cake,Box,3,kg,Yes,Shape,Round,Type,Egg,,,Shape,2.1,2.1,3000,2950,,MOP,NO,box,10,,Available
30,12345707,Chocolate Cookie Brownie Cake,Chocolate Cookie Brownie Cake,The Brownie Studio,Brownie Cake is a tasty and organic cake,Cake,Box,0.5,kg,Yes,Shape,Round,Type,Eggless,,,Shape,2.1,2.1,500,450,400,Offer Price,NO,box,10,,Available
31,12345708,Chocolate Cookie Brownie Cake,Chocolate Cookie Brownie Cake,The Brownie Studio,Brownie Cake is a tasty and organic cake,Cake,Box,1,kg,Yes,Shape,Round,Type,Eggless,,,Shape,2.1,2.1,1000,950,900,Offer Price,NO,box,10,,Available
32,12345709,Chocolate Cookie Brownie Cake,Chocolate Cookie Brownie Cake,The Brownie Studio,Brownie Cake is a tasty and organic cake,Cake,Box,1.5,kg,Yes,Shape,Round,Type,Eggless,,,Shape,2.1,2.1,1500,1450,1400,Offer Price,NO,box,10,,Available
33,12345710,Chocolate Cookie Brownie Cake,Chocolate Cookie Brownie Cake,The Brownie Studio,Brownie Cake is a tasty and organic cake,Cake,Box,2,kg,Yes,Shape,Round,Type,Eggless,,,Shape,2.1,2.1,2000,1950,1900,Offer Price,NO,box,10,,Available
34,12345711,Chocolate Cookie Brownie Cake,Chocolate Cookie Brownie Cake,The Brownie Studio,Brownie Cake is a tasty and organic cake,Cake,Box,2.5,kg,Yes,Shape,Round,Type,Eggless,,,Shape,2.1,2.1,25000,2450,2400,Offer Price,NO,box,10,,Available
35,12345712,Chocolate Cookie Brownie Cake,Chocolate Cookie Brownie Cake,The Brownie Studio,Brownie Cake is a tasty and organic cake,Cake,Box,3,kg,Yes,Shape,Round,Type,Eggless,,,Shape,2.1,2.1,3000,2950,2900,Offer Price,NO,box,10,,Available
