S.No,HSN Code,Display Name,Product Name,Brand,Product Description,Category,Pack Type,Pack Content,Sale Unit,Add Variant,Attribute 1,Variant 1,Attribute 2,Variant 2,Attribute 3,Variant 3,Primary  Variant,CGST,SGST/IGST,MRP (Rs.),MOP (Rs.),Offer Price (Rs.),Display Price,Display Stock?,Stock Unit,MSU,Stock,Status
1,12345678,Chocolate Brownie Tower Cake,Chocolate Brownie Tower Cake,The Brownie Studio,Brownie Cake is a tasty and organic cake,Cake,Box,1,Box,Yes,Weight,0.5 Kg,Type,Egg,Shape,Round,Weight,2.1,2.1,500,450,,MRP,NO,box,10,,Available
2,12345679,Chocolate Brownie Tower Cake,Chocolate Brownie Tower Cake,The Brownie Studio,Brownie Cake is a tasty and organic cake,Cake,Box,1,Box,Yes,Weight,1 Kg,Type,Egg,Shape,Round,Weight,2.1,2.1,1000,950,,MRP,NO,box,10,,Available
3,12345680,Chocolate Brownie Tower Cake,Chocolate Brownie Tower Cake,The Brownie Studio,Brownie Cake is a tasty and organic cake,Cake,Box,1,Box,Yes,Weight,1.5 Kg,Type,Egg,Shape,Round,Weight,2.1,2.1,1500,1450,,MRP,NO,box,10,,Available
4,12345681,Chocolate Brownie Tower Cake,Chocolate Brownie Tower Cake,The Brownie Studio,Brownie Cake is a tasty and organic cake,Cake,Box,1,Box,Yes,Weight,2 Kg,Type,Egg,Shape,Round,Weight,2.1,2.1,2000,1950,,MRP,NO,box,10,,Available
5,12345682,Chocolate Brownie Tower Cake,Chocolate Brownie Tower Cake,The Brownie Studio,Brownie Cake is a tasty and organic cake,Cake,Box,1,Box,Yes,Weight,2.5 Kg,Type,Egg,Shape,Round,Weight,2.1,2.1,25000,2450,,MRP,NO,box,10,,Available
6,12345683,Chocolate Brownie Tower Cake,Chocolate Brownie Tower Cake,The Brownie Studio,Brownie Cake is a tasty and organic cake,Cake,Box,1,Box,Yes,Weight,3 Kg,Type,Egg,Shape,Round,Weight,2.1,2.1,3000,2950,,MRP,NO,box,10,,Available
