18,12345693,Butterscotch Cake,Butterscotch Cake,The Brownie Studio,"Your cake will exactly look like the awesome picture! An exquisite crunchy delight, with silky caramel cream and nutty cashew praline surprises, nestled between butterscotch sponge.",Cakes,Box,1,box,Yes,Weight,0.5 kg,Type,Egg,Shape,Heart,Weight,0,0,650,650,,MOP,NO,box,10,,Available
19,12345694,Butterscotch Cake,Butterscotch Cake,The Brownie Studio,"Your cake will exactly look like the awesome picture! An exquisite crunchy delight, with silky caramel cream and nutty cashew praline surprises, nestled between butterscotch sponge.",Cakes,Box,1,box,Yes,Weight,0.5 kg,Type,Eggless ,Shape,Heart,Weight,0,0,700,700,,MOP,NO,box,10,,Available
20,12345695,Butterscotch Cake,Butterscotch Cake,The Brownie Studio,"Your cake will exactly look like the awesome picture! An exquisite crunchy delight, with silky caramel cream and nutty cashew praline surprises, nestled between butterscotch sponge.",Cakes,Box,1,box,Yes,Weight,0.5 kg,Type,Egg,Shape,Round,Weight,0,0,600,600,,MOP,NO,box,10,,Available
21,12345696,Butterscotch Cake,Butterscotch Cake,The Brownie Studio,"Your cake will exactly look like the awesome picture! An exquisite crunchy delight, with silky caramel cream and nutty cashew praline surprises, nestled between butterscotch sponge.",Cakes,Box,1,box,Yes,Weight,0.5 kg,Type,Eggless ,Shape,Round,Weight,0,0,650,650,,MOP,NO,box,10,,Available
22,12345697,Butterscotch Cake,Butterscotch Cake,The Brownie Studio,"Your cake will exactly look like the awesome picture! An exquisite crunchy delight, with silky caramel cream and nutty cashew praline surprises, nestled between butterscotch sponge.",Cakes,Box,1,box,Yes,Weight,1 kg,Type,Egg,Shape,Heart,Weight,0,0,1250,1250,,MOP,NO,box,10,,Available
23,12345698,Butterscotch Cake,Butterscotch Cake,The Brownie Studio,"Your cake will exactly look like the awesome picture! An exquisite crunchy delight, with silky caramel cream and nutty cashew praline surprises, nestled between butterscotch sponge.",Cakes,Box,1,box,Yes,Weight,1 kg,Type,Eggless ,Shape,Heart,Weight,0,0,1350,1350,,MOP,NO,box,10,,Available
24,12345699,Butterscotch Cake,Butterscotch Cake,The Brownie Studio,"Your cake will exactly look like the awesome picture! An exquisite crunchy delight, with silky caramel cream and nutty cashew praline surprises, nestled between butterscotch sponge.",Cakes,Box,1,box,Yes,Weight,1 kg,Type,Egg,Shape,Round,Weight,0,0,1200,1200,,MOP,NO,box,10,,Available
25,12345700,Butterscotch Cake,Butterscotch Cake,The Brownie Studio,"Your cake will exactly look like the awesome picture! An exquisite crunchy delight, with silky caramel cream and nutty cashew praline surprises, nestled between butterscotch sponge.",Cakes,Box,1,box,Yes,Weight,1 kg,Type,Eggless ,Shape,Round,Weight,0,0,1300,1300,,MOP,NO,box,10,,Available
26,12345701,Butterscotch Cake,Butterscotch Cake,The Brownie Studio,"Your cake will exactly look like the awesome picture! An exquisite crunchy delight, with silky caramel cream and nutty cashew praline surprises, nestled between butterscotch sponge.",Cakes,Box,1,box,Yes,Weight,1.5 kg,Type,Egg,Shape,Heart,Weight,0,0,1830,1830,,MOP,NO,box,10,,Available
27,12345702,Butterscotch Cake,Butterscotch Cake,The Brownie Studio,"Your cake will exactly look like the awesome picture! An exquisite crunchy delight, with silky caramel cream and nutty cashew praline surprises, nestled between butterscotch sponge.",Cakes,Box,1,box,Yes,Weight,1.5 kg,Type,Eggless ,Shape,Heart,Weight,0,0,1930,1930,,MOP,NO,box,10,,Available
28,12345703,Butterscotch Cake,Butterscotch Cake,The Brownie Studio,"Your cake will exactly look like the awesome picture! An exquisite crunchy delight, with silky caramel cream and nutty cashew praline surprises, nestled between butterscotch sponge.",Cakes,Box,1,box,Yes,Weight,1.5 kg,Type,Egg,Shape,Round,Weight,0,0,1780,1780,,MOP,NO,box,10,,Available
29,12345704,Butterscotch Cake,Butterscotch Cake,The Brownie Studio,"Your cake will exactly look like the awesome picture! An exquisite crunchy delight, with silky caramel cream and nutty cashew praline surprises, nestled between butterscotch sponge.",Cakes,Box,1,box,Yes,Weight,1.5 kg,Type,Eggless ,Shape,Round,Weight,0,0,1880,1880,,MOP,NO,box,10,,Available
30,12345705,Butterscotch Cake,Butterscotch Cake,The Brownie Studio,"Your cake will exactly look like the awesome picture! An exquisite crunchy delight, with silky caramel cream and nutty cashew praline surprises, nestled between butterscotch sponge.",Cakes,Box,1,box,Yes,Weight,2 kg,Type,Egg,Shape,Heart,Weight,0,0,2410,2410,,MOP,NO,box,10,,Available
31,12345706,Butterscotch Cake,Butterscotch Cake,The Brownie Studio,"Your cake will exactly look like the awesome picture! An exquisite crunchy delight, with silky caramel cream and nutty cashew praline surprises, nestled between butterscotch sponge.",Cakes,Box,1,box,Yes,Weight,2 kg,Type,Eggless ,Shape,Heart,Weight,0,0,2510,2510,,MOP,NO,box,10,,Available
32,12345707,Butterscotch Cake,Butterscotch Cake,The Brownie Studio,"Your cake will exactly look like the awesome picture! An exquisite crunchy delight, with silky caramel cream and nutty cashew praline surprises, nestled between butterscotch sponge.",Cakes,Box,1,box,Yes,Weight,2 kg,Type,Egg,Shape,Round,Weight,0,0,2360,2360,,MOP,NO,box,10,,Available
33,12345708,Butterscotch Cake,Butterscotch Cake,The Brownie Studio,"Your cake will exactly look like the awesome picture! An exquisite crunchy delight, with silky caramel cream and nutty cashew praline surprises, nestled between butterscotch sponge.",Cakes,Box,1,box,Yes,Weight,2 kg,Type,Eggless ,Shape,Round,Weight,0,0,2460,2460,,MOP,NO,box,10,,Available
34,12345709,Butterscotch Cake,Butterscotch Cake,The Brownie Studio,"Your cake will exactly look like the awesome picture! An exquisite crunchy delight, with silky caramel cream and nutty cashew praline surprises, nestled between butterscotch sponge.",Cakes,Box,1,box,Yes,Weight,2.5 kg,Type,Egg,Shape,Heart,Weight,0,0,2960,2960,,MOP,NO,box,10,,Available
35,12345710,Butterscotch Cake,Butterscotch Cake,The Brownie Studio,"Your cake will exactly look like the awesome picture! An exquisite crunchy delight, with silky caramel cream and nutty cashew praline surprises, nestled between butterscotch sponge.",Cakes,Box,1,box,Yes,Weight,2.5 kg,Type,Eggless ,Shape,Heart,Weight,0,0,3060,3060,,MOP,NO,box,10,,Available
36,12345711,Butterscotch Cake,Butterscotch Cake,The Brownie Studio,"Your cake will exactly look like the awesome picture! An exquisite crunchy delight, with silky caramel cream and nutty cashew praline surprises, nestled between butterscotch sponge.",Cakes,Box,1,box,Yes,Weight,2.5 kg,Type,Egg,Shape,Round,Weight,0,0,2910,2910,,MOP,NO,box,10,,Available
37,12345712,Butterscotch Cake,Butterscotch Cake,The Brownie Studio,"Your cake will exactly look like the awesome picture! An exquisite crunchy delight, with silky caramel cream and nutty cashew praline surprises, nestled between butterscotch sponge.",Cakes,Box,1,box,Yes,Weight,2.5 kg,Type,Eggless ,Shape,Round,Weight,0,0,3010,3010,,MOP,NO,box,10,,Available
38,12345713,Butterscotch Cake,Butterscotch Cake,The Brownie Studio,"Your cake will exactly look like the awesome picture! An exquisite crunchy delight, with silky caramel cream and nutty cashew praline surprises, nestled between butterscotch sponge.",Cakes,Box,1,box,Yes,Weight,3 kg,Type,Egg,Shape,Heart,Weight,0,0,3510,3510,,MOP,NO,box,10,,Available
39,12345714,Butterscotch Cake,Butterscotch Cake,The Brownie Studio,"Your cake will exactly look like the awesome picture! An exquisite crunchy delight, with silky caramel cream and nutty cashew praline surprises, nestled between butterscotch sponge.",Cakes,Box,1,box,Yes,Weight,3 kg,Type,Eggless ,Shape,Heart,Weight,0,0,3610,3610,,MOP,NO,box,10,,Available
40,12345715,Butterscotch Cake,Butterscotch Cake,The Brownie Studio,"Your cake will exactly look like the awesome picture! An exquisite crunchy delight, with silky caramel cream and nutty cashew praline surprises, nestled between butterscotch sponge.",Cakes,Box,1,box,Yes,Weight,3 kg,Type,Egg,Shape,Round,Weight,0,0,3460,3460,,MOP,NO,box,10,,Available
41,12345716,Butterscotch Cake,Butterscotch Cake,The Brownie Studio,"Your cake will exactly look like the awesome picture! An exquisite crunchy delight, with silky caramel cream and nutty cashew praline surprises, nestled between butterscotch sponge.",Cakes,Box,1,box,Yes,Weight,3 kg,Type,Eggless ,Shape,Round,Weight,0,0,3560,3560,,MOP,NO,box,10,,Available
42,12345717,Butterscotch Cake,Butterscotch Cake,The Brownie Studio,"Your cake will exactly look like the awesome picture! An exquisite crunchy delight, with silky caramel cream and nutty cashew praline surprises, nestled between butterscotch sponge.",Cakes,Box,1,box,Yes,Weight,3.5 kg,Type,Egg,Shape,Heart,Weight,0,0,4060,4060,,MOP,NO,box,10,,Available
43,12345718,Butterscotch Cake,Butterscotch Cake,The Brownie Studio,"Your cake will exactly look like the awesome picture! An exquisite crunchy delight, with silky caramel cream and nutty cashew praline surprises, nestled between butterscotch sponge.",Cakes,Box,1,box,Yes,Weight,3.5 kg,Type,Eggless ,Shape,Heart,Weight,0,0,4160,4160,,MOP,NO,box,10,,Available
44,12345719,Butterscotch Cake,Butterscotch Cake,The Brownie Studio,"Your cake will exactly look like the awesome picture! An exquisite crunchy delight, with silky caramel cream and nutty cashew praline surprises, nestled between butterscotch sponge.",Cakes,Box,1,box,Yes,Weight,3.5 kg,Type,Egg,Shape,Round,Weight,0,0,4010,4010,,MOP,NO,box,10,,Available
45,12345720,Butterscotch Cake,Butterscotch Cake,The Brownie Studio,"Your cake will exactly look like the awesome picture! An exquisite crunchy delight, with silky caramel cream and nutty cashew praline surprises, nestled between butterscotch sponge.",Cakes,Box,1,box,Yes,Weight,3.5 kg,Type,Eggless ,Shape,Round,Weight,0,0,4110,4110,,MOP,NO,box,10,,Available
46,12345721,Butterscotch Cake,Butterscotch Cake,The Brownie Studio,"Your cake will exactly look like the awesome picture! An exquisite crunchy delight, with silky caramel cream and nutty cashew praline surprises, nestled between butterscotch sponge.",Cakes,Box,1,box,Yes,Weight,4 kg,Type,Egg,Shape,Heart,Weight,0,0,4610,4610,,MOP,NO,box,10,,Available
47,12345722,Butterscotch Cake,Butterscotch Cake,The Brownie Studio,"Your cake will exactly look like the awesome picture! An exquisite crunchy delight, with silky caramel cream and nutty cashew praline surprises, nestled between butterscotch sponge.",Cakes,Box,1,box,Yes,Weight,4 kg,Type,Eggless ,Shape,Heart,Weight,0,0,4710,4710,,MOP,NO,box,10,,Available
48,12345723,Butterscotch Cake,Butterscotch Cake,The Brownie Studio,"Your cake will exactly look like the awesome picture! An exquisite crunchy delight, with silky caramel cream and nutty cashew praline surprises, nestled between butterscotch sponge.",Cakes,Box,1,box,Yes,Weight,4 kg,Type,Egg,Shape,Round,Weight,0,0,4560,4560,,MOP,NO,box,10,,Available
49,12345724,Butterscotch Cake,Butterscotch Cake,The Brownie Studio,"Your cake will exactly look like the awesome picture! An exquisite crunchy delight, with silky caramel cream and nutty cashew praline surprises, nestled between butterscotch sponge.",Cakes,Box,1,box,Yes,Weight,4 kg,Type,Eggless ,Shape,Round,Weight,0,0,4660,4660,,MOP,NO,box,10,,Available
50,12345725,Butterscotch Cake,Butterscotch Cake,The Brownie Studio,"Your cake will exactly look like the awesome picture! An exquisite crunchy delight, with silky caramel cream and nutty cashew praline surprises, nestled between butterscotch sponge.",Cakes,Box,1,box,Yes,Weight,4.5 kg,Type,Egg,Shape,Heart,Weight,0,0,5140,5140,,MOP,NO,box,10,,Available
51,12345726,Butterscotch Cake,Butterscotch Cake,The Brownie Studio,"Your cake will exactly look like the awesome picture! An exquisite crunchy delight, with silky caramel cream and nutty cashew praline surprises, nestled between butterscotch sponge.",Cakes,Box,1,box,Yes,Weight,4.5 kg,Type,Eggless ,Shape,Heart,Weight,0,0,5240,5240,,MOP,NO,box,10,,Available
52,12345727,Butterscotch Cake,Butterscotch Cake,The Brownie Studio,"Your cake will exactly look like the awesome picture! An exquisite crunchy delight, with silky caramel cream and nutty cashew praline surprises, nestled between butterscotch sponge.",Cakes,Box,1,box,Yes,Weight,4.5 kg,Type,Egg,Shape,Round,Weight,0,0,5090,5090,,MOP,NO,box,10,,Available
53,12345728,Butterscotch Cake,Butterscotch Cake,The Brownie Studio,"Your cake will exactly look like the awesome picture! An exquisite crunchy delight, with silky caramel cream and nutty cashew praline surprises, nestled between butterscotch sponge.",Cakes,Box,1,box,Yes,Weight,4.5 kg,Type,Eggless ,Shape,Round,Weight,0,0,5190,5190,,MOP,NO,box,10,,Available
54,12345729,Butterscotch Cake,Butterscotch Cake,The Brownie Studio,"Your cake will exactly look like the awesome picture! An exquisite crunchy delight, with silky caramel cream and nutty cashew praline surprises, nestled between butterscotch sponge.",Cakes,Box,1,box,Yes,Weight,5 kg,Type,Egg,Shape,Heart,Weight,0,0,5710,5710,,MOP,NO,box,10,,Available
55,12345730,Butterscotch Cake,Butterscotch Cake,The Brownie Studio,"Your cake will exactly look like the awesome picture! An exquisite crunchy delight, with silky caramel cream and nutty cashew praline surprises, nestled between butterscotch sponge.",Cakes,Box,1,box,Yes,Weight,5 kg,Type,Eggless ,Shape,Heart,Weight,0,0,5810,5810,,MOP,NO,box,10,,Available
56,12345731,Butterscotch Cake,Butterscotch Cake,The Brownie Studio,"Your cake will exactly look like the awesome picture! An exquisite crunchy delight, with silky caramel cream and nutty cashew praline surprises, nestled between butterscotch sponge.",Cakes,Box,1,box,Yes,Weight,5 kg,Type,Egg,Shape,Round,Weight,0,0,5660,5660,,MOP,NO,box,10,,Available
57,12345732,Butterscotch Cake,Butterscotch Cake,The Brownie Studio,"Your cake will exactly look like the awesome picture! An exquisite crunchy delight, with silky caramel cream and nutty cashew praline surprises, nestled between butterscotch sponge.",Cakes,Box,1,box,Yes,Weight,5 kg,Type,Eggless ,Shape,Round,Weight,0,0,5760,5760,,MOP,NO,box,10,,Available
