S.No,HSN Code,Display Name,Product Name,Brand,Product Description,Category,Pack Type,Pack Content,Sale Unit,Add Variant,Attribute 1,Variant 1,Attribute 2,Variant 2,Attribute 3,Variant 3,Primary  Variant,CGST,SGST/IGST,MRP (Rs.),MOP (Rs.),Offer Price (Rs.),Display Price,Display Stock?,Stock Unit,MSU,Stock,Status
57,12345680,Girl Round Neck Half Sleeve T-Shirt,Girl Round Neck Half Sleeve,Clifton,"Fit Type: Regular Fit
Care Instructions: Machine Wash
Clifton Girl Tshirt Made of Cotton
Comfort Fit - Machine Wash cold
Available in sizes 4-5 Years,6-7 Years,8-9 Years,10-12Years,13-14Years,15- 16 Years",Girls T-Shirt,Piece,1,pieces,Yes,Size,3-4 Years,,,,,Size,2.5,2.5,799,655,,MOP,Yes,pieces,,50,Available
58,12345680,Girl Round Neck Half Sleeve T-Shirt,Girl Round Neck Half Sleeve,Clifton,"Fit Type: Regular Fit
Care Instructions: Machine Wash
Clifton Girl Tshirt Made of Cotton
Comfort Fit - Machine Wash cold
Available in sizes 4-5 Years,6-7 Years,8-9 Years,10-12Years,13-14Years,15- 16 Years",Girls T-Shirt,Piece,1,pieces,Yes,Size,4-5 Years,,,,,Size,2.5,2.5,799,645,,MOP,Yes,pieces,,10,Available
59,12345680,Girl Round Neck Half Sleeve T-Shirt,Girl Round Neck Half Sleeve,Clifton,"Fit Type: Regular Fit
Care Instructions: Machine Wash
Clifton Girl Tshirt Made of Cotton
Comfort Fit - Machine Wash cold
Available in sizes 4-5 Years,6-7 Years,8-9 Years,10-12Years,13-14Years,15- 16 Years",Girls T-Shirt,Piece,1,pieces,Yes,Size,5-6 Years,,,,,Size,2.5,2.5,799,699,,MOP,Yes,pieces,,25,Available
60,12345680,Girl Round Neck Half Sleeve T-Shirt,Girl Round Neck Half Sleeve,Clifton,"Fit Type: Regular Fit
Care Instructions: Machine Wash
Clifton Girl Tshirt Made of Cotton
Comfort Fit - Machine Wash cold
Available in sizes 4-5 Years,6-7 Years,8-9 Years,10-12Years,13-14Years,15- 16 Years",Girls T-Shirt,Piece,1,pieces,Yes,Size,6-7 Years,,,,,Size,2.5,2.5,799,685,,MOP,Yes,pieces,,30,Available
61,12345680,Girl Round Neck Half Sleeve T-Shirt,Girl Round Neck Half Sleeve,Clifton,"Fit Type: Regular Fit
Care Instructions: Machine Wash
Clifton Girl Tshirt Made of Cotton
Comfort Fit - Machine Wash cold
Available in sizes 4-5 Years,6-7 Years,8-9 Years,10-12Years,13-14Years,15- 16 Years",Girls T-Shirt,Piece,1,pieces,Yes,Size,7-8 Years,,,,,Size,2.5,2.5,799,688,,MOP,Yes,pieces,,3,Available
62,12345680,Women V Neck Army Printed T-Shirt-Half Sleeve,Women V Neck Army Printed T-Shirt,Clifton,"Fit Type: Regular Fit
Care Instructions: Machine Wash
Clifton Women Army Printed T-shirt Made of Cotton
Comfort Fit - Machine Wash cold
Available in sizes XS,S, M, L, XL & 2XL",Girls T-Shirt,Piece,1,pieces,Yes,Size,S,,,,,Size,2.5,2.5,799,710,,MOP,Yes,pieces,,12,Available
63,12345680,Women V Neck Army Printed T-Shirt-Half Sleeve,Women V Neck Army Printed T-Shirt,Clifton,"Fit Type: Regular Fit
Care Instructions: Machine Wash
Clifton Women Army Printed T-shirt Made of Cotton
Comfort Fit - Machine Wash cold
Available in sizes XS,S, M, L, XL & 2XL",Girls T-Shirt,Piece,1,pieces,Yes,Size,M,,,,,Size,2.5,2.5,799,725,,MOP,Yes,pieces,,45,Available
64,12345680,Women V Neck Army Printed T-Shirt-Half Sleeve,Women V Neck Army Printed T-Shirt,Clifton,"Fit Type: Regular Fit
Care Instructions: Machine Wash
Clifton Women Army Printed T-shirt Made of Cotton
Comfort Fit - Machine Wash cold
Available in sizes XS,S, M, L, XL & 2XL",Girls T-Shirt,Piece,1,pieces,Yes,Size,L,,,,,Size,2.5,2.5,799,735,,MOP,Yes,pieces,,100,Available
65,12345680,Women V Neck Army Printed T-Shirt-Half Sleeve,Women V Neck Army Printed T-Shirt,Clifton,"Fit Type: Regular Fit
Care Instructions: Machine Wash
Clifton Women Army Printed T-shirt Made of Cotton
Comfort Fit - Machine Wash cold
Available in sizes XS,S, M, L, XL & 2XL",Girls T-Shirt,Piece,1,pieces,Yes,Size,XL,,,,,Size,2.5,2.5,799,745,,MOP,Yes,pieces,,200,Available
66,12345680,Men Round Neck Full Sleeve Tshirt,Men Round Neck Full Sleeve,Clifton,"Fit Type: Regular Fit
Care Instructions: Machine Wash
Clifton Mens Round Neck T-Shirt Made of Cotton
Comfort Fit - Machine Wash cold
Available in sizes S, M, L, XL & 2XL.",Mens T-Shirt,Piece,1,pieces,Yes,Size,XL,,,,,Size,2.5,2.5,799,785,,MOP,Yes,pieces,,300,Available
67,12345680,Men Round Neck Full Sleeve Tshirt,Men Round Neck Full Sleeve,Clifton,"Fit Type: Regular Fit
Care Instructions: Machine Wash
Clifton Mens Round Neck T-Shirt Made of Cotton
Comfort Fit - Machine Wash cold
Available in sizes S, M, L, XL & 2XL.",Mens T-Shirt,Piece,1,pieces,Yes,Size,S,,,,,Size,2.5,2.5,799,710,,MOP,Yes,pieces,,400,Available
68,12345680,Men Round Neck Full Sleeve Tshirt,Men Round Neck Full Sleeve,Clifton,"Fit Type: Regular Fit
Care Instructions: Machine Wash
Clifton Mens Round Neck T-Shirt Made of Cotton
Comfort Fit - Machine Wash cold
Available in sizes S, M, L, XL & 2XL.",Mens T-Shirt,Piece,1,pieces,Yes,Size,M,,,,,Size,2.5,2.5,799,688,,MOP,Yes,pieces,,500,Available
69,12345680,Men Round Neck Full Sleeve Tshirt,Men Round Neck Full Sleeve,Clifton,"Fit Type: Regular Fit
Care Instructions: Machine Wash
Clifton Mens Round Neck T-Shirt Made of Cotton
Comfort Fit - Machine Wash cold
Available in sizes S, M, L, XL & 2XL.",Mens T-Shirt,Piece,1,pieces,Yes,Size,2XL,,,,,Size,2.5,2.5,799,688,,MOP,Yes,pieces,,600,Available
70,12345680,Men Round Neck Full Sleeve Tshirt,Men Round Neck Full Sleeve,Clifton,"Fit Type: Regular Fit
Care Instructions: Machine Wash
Clifton Mens Round Neck T-Shirt Made of Cotton
Comfort Fit - Machine Wash cold
Available in sizes S, M, L, XL & 2XL.",Mens T-Shirt,Piece,1,pieces,Yes,Size,L,,,,,Size,2.5,2.5,799,688,,MOP,Yes,pieces,,10,Available
71,12345680, Mens Army LoopKnit Short, Mens Army LoopKnit Short,Clifton,"Clifton Mens Army LoopKnit Shorts Are Made Of Cotton Rich
Light Weight Fabric And Bio Washed For Ultimate Softness
Azo Dyed For Excellent Color Fastness
Compacted For Minimum Shrinkage
Available In Sizes S, M, L, XL & 2XL",Mens Short,Piece,1,pieces,Yes,Size,S,,,,,Size,2.5,2.5,799,599,,MOP,Yes,pieces,,9,Available
72,12345680, Mens Army LoopKnit Short, Mens Army LoopKnit Short,Clifton,"Clifton Mens Army LoopKnit Shorts Are Made Of Cotton Rich
Light Weight Fabric And Bio Washed For Ultimate Softness
Azo Dyed For Excellent Color Fastness
Compacted For Minimum Shrinkage
Available In Sizes S, M, L, XL & 2XL",Mens Short,Piece,1,pieces,Yes,Size,L,,,,,Size,2.5,2.5,899,799,,MOP,Yes,pieces,,8,Available
73,12345680, Mens Army LoopKnit Short, Mens Army LoopKnit Short,Clifton,"Clifton Mens Army LoopKnit Shorts Are Made Of Cotton Rich
Light Weight Fabric And Bio Washed For Ultimate Softness
Azo Dyed For Excellent Color Fastness
Compacted For Minimum Shrinkage
Available In Sizes S, M, L, XL & 2XL",Mens Short,Piece,1,pieces,Yes,Size,XL,,,,,Size,2.5,2.5,999,899,,MOP,Yes,pieces,,7,Available
74,12345680,Men Round Neck Full Sleeve Tshirt - XL,Men Round Neck Full Sleeve,Clifton,"Fit Type: Regular Fit
Care Instructions: Machine Wash
Clifton Mens Round Neck T-Shirt Made of Cotton
Comfort Fit - Machine Wash cold",Mens T-Shirt,Piece,1,pieces,Yes,Color,Blue,,,,,Color,2.5,2.5,799,688,,MOP,Yes,pieces,,6,Available
75,12345680,Men Round Neck Full Sleeve Tshirt - XL,Men Round Neck Full Sleeve,Clifton,"Fit Type: Regular Fit
Care Instructions: Machine Wash
Clifton Mens Round Neck T-Shirt Made of Cotton
Comfort Fit - Machine Wash cold",Mens T-Shirt,Piece,1,pieces,Yes,Color,Red,,,,,Color,2.5,2.5,799,688,,MOP,Yes,pieces,,5,Available
