S.No,HSN Code,Display Name,Product Name,Brand,Product Description,Category,Pack Type,Pack Content,Sale Unit,Add Variant,Attribute 1,Variant 1,Attribute 2,Variant 2,Attribute 3,Variant 3,Primary  Variant,CGST,SGST/IGST,MRP (Rs.),MOP (Rs.),Offer Price (Rs.),Display Price,Display Stock?,Stock Unit,MSU,Stock,Status
76,12345691,Night wear clothes,Night wear clothes,MAX,Quality Clothes,Night wear clothes,Piece,1,pieces,Yes,Color,Pink,Size,5-6 Years,,,Color,2.1,2.1,3000,2950,,MRP,Yes,pieces,,60000,Available
77,12345692,Night wear clothes,Night wear clothes,MAX,Quality Clothes,Night wear clothes,Piece,1,pieces,Yes,Color,Green,Size,6-7 Years,,,Color,2.1,2.1,4500,4450,,MOP,Yes,pieces,,60000,Available
78,12345693,Night wear clothes,Night wear clothes,MAX,Quality Clothes,Night wear clothes,Piece,1,pieces,Yes,Color,Blue,Size,7-8 Years,,,Color,2.1,2.1,5000,4900,4800,OFFER PRICE,Yes,pieces,,60000,Available
79,12345694,Night wear clothes,Night wear clothes,MAX,Quality Clothes,Night wear clothes,Piece,1,pieces,Yes,Color,Yellow,Size,8-9 Years,,,Color,2.1,2.1,5500,5400,,MRP,Yes,pieces,,60000,Available
80,12345695,Night wear clothes,Night wear clothes,MAX,Quality Clothes,Night wear clothes,Piece,1,pieces,Yes,Color,Red,Size,9-10 Years,,,Color,2.1,2.1,3000,2950,,MRP,Yes,pieces,,60000,Available
81,12345696,Night wear clothes,Night wear clothes,MAX,Quality Clothes,Night wear clothes,Piece,1,pieces,Yes,Color,Orange,Size,10-11 Years,,,Color,2.1,2.1,4500,4450,,MOP,Yes,pieces,,60000,Available
82,12345697,Night wear clothes,Night wear clothes,MAX,Quality Clothes,Night wear clothes,Piece,1,pieces,Yes,Color,Maroon,Size,11-12 Years,,,Color,2.1,2.1,5000,4900,4800,OFFER PRICE,Yes,pieces,,60000,Available
83,12345698,Night wear clothes,Night wear clothes,MAX,Quality Clothes,Night wear clothes,Piece,1,pieces,Yes,Color,White,Size,13-14 years,,,Color,2.1,2.1,5500,5400,,MRP,Yes,pieces,,60000,Available
84,12345699,Night wear clothes,Night wear clothes,MAX,Quality Clothes,Night wear clothes,Piece,1,pieces,Yes,Color,Black,Size,14-15 Years,,,Color,2.1,2.1,3000,2950,,MRP,Yes,pieces,,60000,Available
,,,,,,,,,,,,,,,,,,,,,,,,,,,,
,,,,,,,,,,,,,,,,,,,,,,,,,,,,
,,,,,,,,,,,,,,,,,,,,,,,,,,,,
,,,,,,,,,,,,,,,,,,,,,,,,,,,,
,,,,,,,,,,,,,,,,,,,,,,,,,,,,
,,,,,,,,,,,,,,,,,,,,,,,,,,,,
,,,,,,,,,,,,,,,,,,,,,,,,,,,,
,,,,,,,,,,,,,,,,,,,,,,,,,,,,
,,,,,,,,,,,,,,,,,,,,,,,,,,,,
,,,,,,,,,,,,,,,,,,,,,,,,,,,,
